theta1,theta2,w_mid,omega0_exact,omega0_param,rel_err
-0.167000,0.000000,0.000000,0.77432809,0.75115628,2.992507e-02
-0.150320,0.000000,0.000000,0.74424098,0.72626922,2.414776e-02
-0.133640,0.000000,0.000000,0.71587380,0.70227133,1.900122e-02
-0.116960,0.000000,0.000000,0.68909795,0.67911827,1.448224e-02
-0.100280,0.000000,0.000000,0.66379662,0.65676874,1.058739e-02
-0.083600,0.000000,0.000000,0.63986350,0.63518439,7.312668e-03
-0.066920,0.000000,0.000000,0.61720172,0.61432988,4.653010e-03
-0.050240,0.000000,0.000000,0.59572281,0.59417282,2.601863e-03
-0.033560,0.000000,0.000000,0.57534586,0.57468385,1.150634e-03
-0.016880,0.000000,0.000000,0.55599679,0.55583657,2.881610e-04
-0.000200,0.000000,0.000000,0.53760760,0.53760758,3.656876e-08
0.016480,0.000000,0.000000,0.52011585,0.51997645,2.680179e-04
0.033160,0.000000,0.000000,0.50346408,0.50292575,1.069256e-03
0.049840,0.000000,0.000000,0.48759937,0.48644103,2.375593e-03
0.066520,0.000000,0.000000,0.47247288,0.47051083,4.152724e-03
0.083200,0.000000,0.000000,0.45803953,0.45512668,6.359381e-03
0.099880,0.000000,0.000000,0.44425759,0.44028308,8.946409e-03
0.116560,0.000000,0.000000,0.43108846,0.42597754,1.185586e-02
0.133240,0.000000,0.000000,0.41849634,0.41221053,1.501999e-02
0.149920,0.000000,0.000000,0.40644801,0.39898553,1.836023e-02
0.166600,0.000000,0.000000,0.39491260,0.38630899,2.178611e-02
0.183280,0.000000,0.000000,0.38386141,0.37419036,2.519411e-02
0.199960,0.000000,0.000000,0.37326771,0.36264207,2.846654e-02
0.216640,0.000000,0.000000,0.36310659,0.35167952,3.147028e-02
0.233320,0.000000,0.000000,0.35335482,0.34132113,3.405554e-02
0.250000,0.000000,0.000000,0.34399071,0.33158828,3.605455e-02
-0.167000,0.240000,0.239935,0.77464785,0.75144548,2.995215e-02
-0.150320,0.240000,0.239935,0.74454832,0.72655067,2.417258e-02
-0.133640,0.240000,0.239935,0.71616945,0.70254525,1.902371e-02
-0.116960,0.240000,0.239935,0.68938256,0.67938491,1.450233e-02
-0.100280,0.240000,0.239935,0.66407079,0.65702832,1.060500e-02
-0.083600,0.240000,0.239935,0.64012781,0.63543714,7.327695e-03
-0.066920,0.240000,0.239935,0.61745667,0.61457603,4.665338e-03
-0.050240,0.240000,0.239935,0.59596890,0.59441261,2.611359e-03
-0.033560,0.240000,0.239935,0.57558355,0.57491751,1.157157e-03
-0.016880,0.240000,0.239935,0.55622648,0.55606433,2.915320e-04
-0.000200,0.240000,0.239935,0.53782971,0.53782966,8.044276e-08
0.016480,0.240000,0.239935,0.52033074,0.52019310,2.645256e-04
0.033160,0.240000,0.239935,0.50367210,0.50313719,1.062014e-03
0.049840,0.240000,0.239935,0.48780083,0.48664750,2.364362e-03
0.066520,0.240000,0.239935,0.47266810,0.47071255,4.137251e-03
0.083200,0.240000,0.239935,0.45822879,0.45532389,6.339401e-03
0.099880,0.240000,0.239935,0.44444116,0.44047601,8.921651e-03
0.116560,0.240000,0.239935,0.43126660,0.42616642,1.182604e-02
0.133240,0.240000,0.239935,0.41866928,0.41239560,1.498481e-02
0.149920,0.240000,0.239935,0.40661597,0.39916701,1.831939e-02
0.166600,0.240000,0.239935,0.39507580,0.38648712,2.173931e-02
0.183280,0.240000,0.239935,0.38402004,0.37436537,2.514105e-02
0.199960,0.240000,0.239935,0.37342196,0.36281419,2.840694e-02
0.216640,0.240000,0.239935,0.36325665,0.35184898,3.140387e-02
0.233320,0.240000,0.239935,0.35350085,0.34148816,3.398206e-02
0.250000,0.240000,0.239935,0.34413287,0.33175312,3.597376e-02
-0.167000,0.480000,0.479870,0.77560624,0.75231244,3.003302e-02
-0.150320,0.480000,0.479870,0.74546954,0.72739437,2.424668e-02
-0.133640,0.480000,0.479870,0.71705560,0.70336639,1.909087e-02
-0.116960,0.480000,0.479870,0.69023562,0.68018418,1.456233e-02
-0.100280,0.480000,0.479870,0.66489257,0.65780641,1.065759e-02
-0.083600,0.480000,0.479870,0.64091999,0.63619476,7.372577e-03
-0.066920,0.480000,0.479870,0.61822083,0.61531386,4.702166e-03
-0.050240,0.480000,0.479870,0.59670650,0.59513135,2.639735e-03
-0.033560,0.480000,0.479870,0.57629594,0.57561785,1.176634e-03
-0.016880,0.480000,0.479870,0.55691495,0.55674698,3.016113e-04
-0.000200,0.480000,0.479870,0.53849542,0.53849531,2.077751e-07
0.016480,0.480000,0.479870,0.52097481,0.52084244,2.540949e-04
0.033160,0.480000,0.479870,0.50429557,0.50377092,1.040367e-03
0.049840,0.480000,0.479870,0.48840468,0.48726631,2.330790e-03
0.066520,0.480000,0.479870,0.47325323,0.47131715,4.091007e-03
0.083200,0.480000,0.479870,0.45879605,0.45591496,6.279687e-03
0.099880,0.480000,0.479870,0.44499137,0.44105425,8.847636e-03
0.116560,0.480000,0.479870,0.43180051,0.42673252,1.173686e-02
0.133240,0.480000,0.479870,0.41918760,0.41295026,1.487960e-02
0.149920,0.480000,0.479870,0.40711938,0.39971093,1.819724e-02
0.166600,0.480000,0.479870,0.39556493,0.38702100,2.159933e-02
0.183280,0.480000,0.479870,0.38449550,0.37488989,2.498236e-02
0.199960,0.480000,0.479870,0.37388430,0.36333005,2.822866e-02
0.216640,0.480000,0.479870,0.36370641,0.35235689,3.120518e-02
0.233320,0.480000,0.479870,0.35393854,0.34198880,3.376219e-02
0.250000,0.480000,0.479870,0.34455896,0.33224718,3.573200e-02
-0.167000,0.720000,0.719805,0.77720066,0.75375533,3.016637e-02
-0.150320,0.720000,0.719805,0.74700210,0.72879850,2.436887e-02
-0.133640,0.720000,0.719805,0.71852984,0.70473291,1.920161e-02
-0.116960,0.720000,0.719805,0.69165479,0.68151425,1.466128e-02
-0.100280,0.720000,0.719805,0.66625970,0.65910119,1.074432e-02
-0.083600,0.720000,0.719805,0.64223790,0.63745541,7.446600e-03
-0.066920,0.720000,0.719805,0.61949212,0.61654154,4.762910e-03
-0.050240,0.720000,0.719805,0.59793360,0.59632722,2.686549e-03
-0.033560,0.720000,0.719805,0.57748112,0.57678307,1.208777e-03
-0.016880,0.720000,0.719805,0.55806030,0.55788270,3.182571e-04
-0.000200,0.720000,0.719805,0.53960294,0.53960270,4.402244e-07
0.016480,0.720000,0.719805,0.52204633,0.52192265,2.369087e-04
0.033160,0.720000,0.719805,0.50533281,0.50482511,1.004674e-03
0.049840,0.720000,0.719805,0.48940926,0.48829565,2.275422e-03
0.066520,0.720000,0.719805,0.47422667,0.47232279,4.014715e-03
0.083200,0.720000,0.719805,0.45973978,0.45689806,6.181155e-03
0.099880,0.720000,0.719805,0.44590673,0.44201597,8.725489e-03
0.116560,0.720000,0.719805,0.43268875,0.42767403,1.158968e-02
0.133240,0.720000,0.719805,0.42004992,0.41387270,1.470590e-02
0.149920,0.720000,0.719805,0.40795689,0.40061547,1.799556e-02
0.166600,0.720000,0.719805,0.39637868,0.38790879,2.136817e-02
0.183280,0.720000,0.719805,0.38528648,0.37576211,2.472025e-02
0.199960,0.720000,0.719805,0.37465348,0.36418784,2.793417e-02
0.216640,0.720000,0.719805,0.36445465,0.35320141,3.087693e-02
0.233320,0.720000,0.719805,0.35466670,0.34282122,3.339890e-02
0.250000,0.720000,0.719805,0.34526783,0.33306866,3.533250e-02
-0.167000,0.960000,0.959740,0.77942679,0.75577112,3.035008e-02
-0.150320,0.960000,0.959740,0.74914187,0.73076002,2.453721e-02
-0.133640,0.960000,0.959740,0.72058817,0.70664178,1.935419e-02
-0.116960,0.960000,0.959740,0.69363624,0.68337209,1.479761e-02
-0.100280,0.960000,0.959740,0.66816850,0.66090963,1.086384e-02
-0.083600,0.960000,0.959740,0.64407796,0.63921606,7.548622e-03
-0.066920,0.960000,0.959740,0.62126710,0.61825603,4.846656e-03
-0.050240,0.960000,0.959740,0.59964688,0.59799718,2.751117e-03
-0.033560,0.960000,0.959740,0.57913586,0.57841012,1.253143e-03
-0.016880,0.960000,0.959740,0.55965946,0.55946846,3.412789e-04
-0.000200,0.960000,0.959740,0.54114925,0.54114879,8.506074e-07
0.016480,0.960000,0.959740,0.52354238,0.52343070,2.133200e-04
0.033160,0.960000,0.959740,0.50678101,0.50629674,9.555758e-04
0.049840,0.960000,0.959740,0.49081187,0.48973248,2.199189e-03
0.066520,0.960000,0.959740,0.47558580,0.47372644,3.909620e-03
0.083200,0.960000,0.959740,0.46105743,0.45827016,6.045372e-03
0.099880,0.960000,0.959740,0.44718475,0.44335815,8.557106e-03
0.116560,0.960000,0.959740,0.43392892,0.42898789,1.138671e-02
0.133240,0.960000,0.959740,0.42125389,0.41515989,1.446633e-02
0.149920,0.960000,0.959740,0.40912622,0.40187760,1.771732e-02
0.166600,0.960000,0.959740,0.39751484,0.38914748,2.104918e-02
0.183280,0.960000,0.959740,0.38639087,0.37697898,2.435847e-02
0.199960,0.960000,0.959740,0.37572740,0.36538452,2.752761e-02
0.216640,0.960000,0.959740,0.36549936,0.35437953,3.042368e-02
0.233320,0.960000,0.959740,0.35568336,0.34398239,3.289716e-02
0.250000,0.960000,0.959740,0.34625757,0.33421450,3.478065e-02
-0.167000,1.200000,1.199675,0.78227867,0.75835556,3.058131e-02
-0.150320,1.200000,1.199675,0.75188311,0.73327468,2.474911e-02
-0.133640,1.200000,1.199675,0.72322509,0.70908874,1.954626e-02
-0.116960,1.200000,1.199675,0.69617467,0.68575345,1.496926e-02
-0.100280,1.200000,1.199675,0.67061386,0.66322747,1.101436e-02
-0.083600,1.200000,1.199675,0.64643526,0.64147247,7.677167e-03
-0.066920,1.200000,1.199675,0.62354102,0.62045310,4.952232e-03
-0.050240,1.200000,1.199675,0.60184175,0.60013699,2.832587e-03
-0.033560,1.200000,1.199675,0.58125574,0.58049475,1.309220e-03
-0.016880,1.200000,1.199675,0.56170813,0.56150001,3.705153e-04
-0.000200,1.200000,1.199675,0.54313023,0.54312934,1.641661e-06
0.016480,1.200000,1.199675,0.52545897,0.52536233,1.839046e-04
0.033160,1.200000,1.199675,0.50863629,0.50818155,8.940406e-04
0.049840,1.200000,1.199675,0.49260874,0.49157255,2.103475e-03
0.066520,1.200000,1.199675,0.47732698,0.47552386,3.777532e-03
0.083200,1.200000,1.199675,0.46274546,0.46002702,5.874588e-03
0.099880,1.200000,1.199675,0.44882203,0.44507652,8.345199e-03
0.116560,1.200000,1.199675,0.43551770,0.43066988,1.113117e-02
0.133240,1.200000,1.199675,0.42279629,0.41680757,1.416456e-02
0.149920,1.200000,1.199675,0.41062424,0.40349306,1.736669e-02
0.166600,1.200000,1.199675,0.39897038,0.39073281,2.064708e-02
0.183280,1.200000,1.199675,0.38780570,0.37853626,2.390228e-02
0.199960,1.200000,1.199675,0.37710321,0.36691585,2.701478e-02
0.216640,1.200000,1.199675,0.36683773,0.35588698,2.985177e-02
0.233320,1.200000,1.199675,0.35698581,0.34546806,3.226389e-02
0.250000,1.200000,1.199675,0.34752551,0.33568047,3.408395e-02
-0.167000,1.440000,1.439610,0.78574875,0.76150319,3.085663e-02
-0.150320,1.440000,1.439610,0.75521857,0.73633702,2.500145e-02
-0.133640,1.440000,1.439610,0.72643361,0.71206835,1.977505e-02
-0.116960,1.440000,1.439610,0.69926336,0.68865287,1.517381e-02
-0.100280,1.440000,1.439610,0.67358929,0.66604926,1.119382e-02
-0.083600,1.440000,1.439610,0.64930356,0.64421917,7.830523e-03
-0.066920,1.440000,1.439610,0.62630786,0.62312727,5.078317e-03
-0.050240,1.440000,1.439610,0.60451242,0.60274117,2.930047e-03
-0.033560,1.440000,1.439610,0.58383516,0.58303151,1.376514e-03
-0.016880,1.440000,1.439610,0.56420089,0.56397188,4.059115e-04
-0.000200,1.440000,1.439610,0.54554064,0.54553888,3.219078e-06
0.016480,1.440000,1.439610,0.52779102,0.52771209,1.495498e-04
0.033160,1.440000,1.439610,0.51089376,0.51047408,8.214559e-04
0.049840,1.440000,1.439610,0.49479513,0.49381040,1.990185e-03
0.066520,1.440000,1.439610,0.47944560,0.47770958,3.620894e-03
0.083200,1.440000,1.439610,0.46479941,0.46216316,5.671808e-03
0.099880,1.440000,1.439610,0.45081423,0.44716564,8.093352e-03
0.116560,1.440000,1.439610,0.43745089,0.43271451,1.082721e-02
0.133240,1.440000,1.439610,0.42467305,0.41881027,1.380538e-02
0.149920,1.440000,1.439610,0.41244701,0.40545639,1.694914e-02
0.166600,1.440000,1.439610,0.40074145,0.39265931,2.016795e-02
0.183280,1.440000,1.439610,0.38952724,0.38042849,2.335843e-02
0.199960,1.440000,1.439610,0.37877726,0.36877635,2.640314e-02
0.216640,1.440000,1.439610,0.36846624,0.35771831,2.916938e-02
0.233320,1.440000,1.439610,0.35857060,0.34727276,3.150799e-02
0.250000,1.440000,1.439610,0.34906833,0.33746110,3.325202e-02
-0.167000,1.680000,1.679545,0.78982798,0.76520732,3.117219e-02
-0.150320,1.680000,1.679545,0.75913956,0.73994036,2.529074e-02
-0.133640,1.680000,1.679545,0.73020537,0.71557391,2.003747e-02
-0.116960,1.680000,1.679545,0.70289425,0.69206367,1.540856e-02
-0.100280,1.680000,1.679545,0.67708706,0.66936831,1.139994e-02
-0.083600,1.680000,1.679545,0.65267539,0.64744949,8.006884e-03
-0.066920,1.680000,1.679545,0.62956042,0.62627186,5.223568e-03
-0.050240,1.680000,1.679545,0.60765193,0.60580306,3.042636e-03
-0.033560,1.680000,1.679545,0.58686740,0.58601370,1.454671e-03
-0.016880,1.680000,1.679545,0.56713127,0.56687740,4.476421e-04
-0.000200,1.680000,1.679545,0.54837419,0.54837074,6.303765e-06
0.016480,1.680000,1.679545,0.53053248,0.53047330,1.115465e-04
0.033160,1.680000,1.679545,0.51354753,0.51316765,7.397065e-04
0.049840,1.680000,1.679545,0.49736536,0.49643935,1.861820e-03
0.066520,1.680000,1.679545,0.48193616,0.48027693,3.442850e-03
0.083200,1.680000,1.679545,0.46721395,0.46467191,5.440841e-03
0.099880,1.680000,1.679545,0.45315618,0.44961881,7.806064e-03
0.116560,1.680000,1.679545,0.43972346,0.43511512,1.048008e-02
0.133240,1.680000,1.679545,0.42687929,0.42116134,1.339477e-02
0.149920,1.680000,1.679545,0.41458977,0.40776091,1.647136e-02
0.166600,1.680000,1.679545,0.40282344,0.39492032,1.961931e-02
0.183280,1.680000,1.679545,0.39155100,0.38264899,2.273525e-02
0.199960,1.680000,1.679545,0.38074520,0.37095935,2.570183e-02
0.216640,1.680000,1.679545,0.37038064,0.35986683,2.838649e-02
0.233320,1.680000,1.679545,0.36043361,0.34938982,3.064029e-02
0.250000,1.680000,1.679545,0.35088199,0.33954971,3.229655e-02
-0.167000,1.920000,1.919479,0.79450594,0.76946007,3.152384e-02
-0.150320,1.920000,1.919479,0.76363605,0.74407681,2.561331e-02
-0.133640,1.920000,1.919479,0.73453075,0.71959754,2.033027e-02
-0.116960,1.920000,1.919479,0.70705808,0.69597796,1.567074e-02
-0.100280,1.920000,1.919479,0.68109823,0.67317674,1.163047e-02
-0.083600,1.920000,1.919479,0.65654212,0.65115553,8.204486e-03
-0.066920,1.920000,1.919479,0.63329038,0.62987900,5.386760e-03
-0.050240,1.920000,1.919479,0.61125225,0.60931477,3.169688e-03
-0.033560,1.920000,1.919479,0.59034472,0.58943346,1.543606e-03
-0.016880,1.920000,1.919479,0.57049177,0.57020868,4.962258e-04
-0.000200,1.920000,1.919479,0.55162367,0.55161702,1.204728e-05
0.016480,1.920000,1.919479,0.53367633,0.53363807,7.170450e-05
0.033160,1.920000,1.919479,0.51659083,0.51625438,6.512840e-04
0.049840,1.920000,1.919479,0.50031284,0.49945151,1.721583e-03
0.066520,1.920000,1.919479,0.48479229,0.48321801,3.247338e-03
0.083200,1.920000,1.919479,0.46998290,0.46754538,5.186394e-03
0.099880,1.920000,1.919479,0.45584188,0.45242816,7.488835e-03
0.116560,1.920000,1.919479,0.44232961,0.43786382,1.009607e-02
0.133240,1.920000,1.919479,0.42940937,0.42385286,1.293989e-02
0.149920,1.920000,1.919479,0.41704706,0.41039874,1.594141e-02
0.166600,1.920000,1.919479,0.40521103,0.39750793,1.901009e-02
0.183280,1.920000,1.919479,0.39387182,0.38518986,2.204259e-02
0.199960,1.920000,1.919479,0.38300201,0.37345697,2.492165e-02
0.216640,1.920000,1.919479,0.37257605,0.36232467,2.751487e-02
0.233320,1.920000,1.919479,0.36257009,0.35181135,2.967354e-02
0.250000,1.920000,1.919479,0.35296189,0.34193842,3.123132e-02
-0.167000,2.160000,2.159414,0.79977092,0.77425233,3.190738e-02
-0.150320,2.160000,2.159414,0.76869679,0.74873726,2.596541e-02
-0.133640,2.160000,2.159414,0.73939890,0.72413014,2.065023e-02
-0.116960,2.160000,2.159414,0.71174443,0.70038663,1.595768e-02
-0.100280,2.160000,2.159414,0.68561275,0.67746543,1.188326e-02
-0.083600,2.160000,2.159414,0.66089410,0.65532819,8.421777e-03
-0.066920,2.160000,2.159414,0.63748842,0.63393956,5.566939e-03
-0.050240,2.160000,2.159414,0.61530438,0.61326718,3.310876e-03
-0.033560,2.160000,2.159414,0.59425841,0.59328166,1.643641e-03
-0.016880,2.160000,2.159414,0.57427399,0.57395661,5.526640e-04
-0.000200,2.160000,2.159414,0.55528093,0.55526862,2.215441e-05
0.016480,2.160000,2.159414,0.53721472,0.53719728,3.246282e-05
0.033160,2.160000,2.159414,0.52001604,0.51972515,5.593893e-04
0.049840,2.160000,2.159414,0.50363023,0.50283778,1.573469e-03
0.066520,2.160000,2.159414,0.48800686,0.48652372,3.039179e-03
0.083200,2.160000,2.159414,0.47309935,0.47077447,4.914135e-03
0.099880,2.160000,2.159414,0.45886463,0.45558457,7.148221e-03
0.116560,2.160000,2.159414,0.44526283,0.44095150,9.682674e-03
0.133240,2.160000,2.159414,0.43225697,0.42687574,1.244914e-02
0.149920,2.160000,2.159414,0.41981274,0.41336077,1.536868e-02
0.166600,2.160000,2.159414,0.40789827,0.40041305,1.835070e-02
0.183280,2.160000,2.159414,0.39648391,0.38804202,2.129189e-02
0.199960,2.160000,2.159414,0.38554205,0.37626010,2.407509e-02
0.216640,2.160000,2.159414,0.37504699,0.36508271,2.656808e-02
0.233320,2.160000,2.159414,0.36497471,0.35452825,2.862241e-02
0.250000,2.160000,2.159414,0.35530281,0.34461812,3.007207e-02
-0.167000,2.400000,2.399349,0.80561005,0.77957378,3.231870e-02
-0.150320,2.400000,2.399349,0.77430942,0.75391141,2.634349e-02
-0.133640,2.400000,2.399349,0.74479794,0.72916138,2.099436e-02
-0.116960,2.400000,2.399349,0.71694183,0.70527938,1.626695e-02
-0.100280,2.400000,2.399349,0.69061960,0.68222408,1.215650e-02
-0.083600,2.400000,2.399349,0.66572068,0.65995716,8.657572e-03
-0.066920,2.400000,2.399349,0.64214429,0.63844324,5.763578e-03
-0.050240,2.400000,2.399349,0.61979842,0.61764998,3.466354e-03
-0.033560,2.400000,2.399349,0.59859892,0.59754799,1.755646e-03
-0.016880,2.400000,2.399349,0.57846870,0.57811087,6.185675e-04
-0.000200,2.400000,2.399349,0.55933705,0.55931523,3.901015e-05
0.016480,2.400000,2.399349,0.54113901,0.54114063,2.995988e-06
0.033160,2.400000,2.399349,0.52381482,0.52356965,4.680427e-04
0.049840,2.400000,2.399349,0.50730942,0.50658784,1.422360e-03
0.066520,2.400000,2.399349,0.49157201,0.49018374,2.824155e-03
0.083200,2.400000,2.399349,0.47655569,0.47434886,4.630784e-03
0.099880,2.400000,2.399349,0.46221706,0.45907773,6.791901e-03
0.116560,2.400000,2.399349,0.44851596,0.44436783,9.248560e-03
0.133240,2.400000,2.399349,0.43541515,0.43021966,1.193225e-02
0.149920,2.400000,2.399349,0.42288006,0.41663669,1.476394e-02
0.166600,2.400000,2.399349,0.41087860,0.40362536,1.765299e-02
0.183280,2.400000,2.399349,0.39938089,0.39119512,2.049613e-02
0.199960,2.400000,2.399349,0.38835913,0.37935841,2.317629e-02
0.216640,2.400000,2.399349,0.37778742,0.36813063,2.556144e-02
0.233320,2.400000,2.399349,0.36764159,0.35753019,2.750340e-02
0.250000,2.400000,2.399349,0.35789905,0.34757848,2.883654e-02
-0.167000,2.640000,2.639284,0.81200944,0.78541290,3.275398e-02
-0.150320,2.640000,2.639284,0.78046058,0.75958771,2.674430e-02
-0.133640,2.640000,2.639284,0.75071503,0.73467973,2.136003e-02
-0.116960,2.640000,2.639284,0.72263795,0.71064466,1.659655e-02
-0.100280,2.640000,2.639284,0.69610689,0.68744115,1.244886e-02
-0.083600,2.640000,2.639284,0.67101040,0.66503089,8.911211e-03
-0.066920,2.640000,2.639284,0.64724693,0.64337851,5.976727e-03
-0.050240,2.640000,2.639284,0.62472371,0.62245164,3.636913e-03
-0.033560,2.640000,2.639284,0.60335594,0.60222092,1.881176e-03
-0.016880,2.640000,2.639284,0.58306593,0.58265994,6.962897e-04
-0.000200,2.640000,2.639284,0.56378240,0.56374531,6.579237e-05
0.016480,2.640000,2.639284,0.54543988,0.54545659,3.062758e-05
0.033160,2.640000,2.639284,0.52797814,0.52777635,3.821815e-04
0.049840,2.640000,2.639284,0.51134167,0.51069016,1.274128e-03
0.066520,2.640000,2.639284,0.49547929,0.49418654,2.609101e-03
0.083200,2.640000,2.639284,0.48034371,0.47825702,4.344175e-03
0.099880,2.640000,2.639284,0.46589120,0.46289611,6.428753e-03
0.116560,2.640000,2.639284,0.45208128,0.44810130,8.803673e-03
0.133240,2.640000,2.639284,0.43887640,0.43387310,1.140027e-02
0.149920,2.640000,2.639284,0.42624174,0.42021495,1.413938e-02
0.166600,2.640000,2.639284,0.41414494,0.40713332,1.693034e-02
0.183280,2.640000,2.639284,0.40255588,0.39463766,1.966988e-02
0.199960,2.640000,2.639284,0.39144656,0.38274038,2.224105e-02
0.216640,2.640000,2.639284,0.38079086,0.37145691,2.451200e-02
0.233320,2.640000,2.639284,0.37056441,0.36080565,2.633484e-02
0.250000,2.640000,2.639284,0.36074446,0.35080799,2.754435e-02
-0.167000,2.880000,2.879219,0.81895432,0.79175693,3.320990e-02
-0.150320,2.880000,2.879219,0.78713608,0.76575342,2.716514e-02
-0.133640,2.880000,2.879219,0.75713651,0.74067246,2.174516e-02
-0.116960,2.880000,2.879219,0.72881963,0.71646973,1.694508e-02
-0.100280,2.880000,2.879219,0.70206194,0.69310390,1.275961e-02
-0.083600,2.880000,2.879219,0.67675106,0.67053664,9.182714e-03
-0.066920,2.880000,2.879219,0.65278454,0.64873261,6.207157e-03
-0.050240,2.880000,2.879219,0.63006887,0.62765942,3.824103e-03
-0.033560,2.880000,2.879219,0.60851850,0.60728771,2.022599e-03
-0.016880,2.880000,2.879219,0.58805507,0.58759107,7.890411e-04
-0.000200,2.880000,2.879219,0.56860672,0.56854611,1.065964e-04
0.016480,2.880000,2.879219,0.55010741,0.55013240,4.542535e-05
0.033160,2.880000,2.879219,0.53249639,0.53233251,3.077624e-04
0.049840,2.880000,2.879219,0.51571769,0.51513198,1.135710e-03
0.066520,2.880000,2.879219,0.49971968,0.49851937,2.401974e-03
0.083200,2.880000,2.879219,0.48445469,0.48248619,4.063321e-03
0.099880,2.880000,2.879219,0.46987859,0.46702695,6.068879e-03
0.116560,2.880000,2.879219,0.45595056,0.45213916,8.359251e-03
0.133240,2.880000,2.879219,0.44263276,0.43782329,1.086559e-02
0.149920,2.880000,2.879219,0.42989003,0.42408282,1.350861e-02
0.166600,2.880000,2.879219,0.41768976,0.41092420,1.619758e-02
0.183280,2.880000,2.879219,0.40600158,0.39835687,1.882926e-02
0.199960,2.880000,2.879219,0.39479723,0.38639327,2.128678e-02
0.216640,2.880000,2.879219,0.38405037,0.37504880,2.343850e-02
0.233320,2.880000,2.879219,0.37373643,0.36434188,2.513683e-02
0.250000,2.880000,2.879219,0.36383247,0.35429389,2.621695e-02
-0.167000,3.120000,3.119154,0.82642915,0.79859193,3.368373e-02
-0.150320,3.120000,3.119154,0.79432098,0.77239459,2.760394e-02
-0.133640,3.120000,3.119154,0.76404801,0.74712559,2.214838e-02
-0.116960,3.120000,3.119154,0.73547304,0.72274062,1.731188e-02
-0.100280,3.120000,3.119154,0.70847144,0.69919836,1.308885e-02
-0.083600,3.120000,3.119154,0.68292980,0.67646046,9.472912e-03
-0.066920,3.120000,3.119154,0.65874476,0.65449158,6.456493e-03
-0.050240,3.120000,3.119154,0.63582195,0.63325935,4.030374e-03
-0.033560,3.120000,3.119154,0.61407504,0.61273438,2.183214e-03
-0.016880,3.120000,3.119154,0.59342498,0.59289030,9.010110e-04
-0.000200,3.120000,3.119154,0.57379923,0.57370368,1.665275e-04
0.016480,3.120000,3.119154,0.55513117,0.55515411,4.132801e-05
0.033160,3.120000,3.119154,0.53735948,0.53722415,2.518358e-04
0.049840,3.120000,3.119154,0.52042769,0.51989936,1.015186e-03
0.066520,3.120000,3.119154,0.50428372,0.50316828,2.211923e-03
0.083200,3.120000,3.119154,0.48887942,0.48702243,3.798474e-03
0.099880,3.120000,3.119154,0.47417031,0.47145631,5.723676e-03
0.116560,3.120000,3.119154,0.46011518,0.45646744,7.927874e-03
0.133240,3.120000,3.119154,0.44667582,0.44205629,1.034201e-02
0.149920,3.120000,3.119154,0.43381679,0.42822633,1.288668e-02
0.166600,3.120000,3.119154,0.42150515,0.41498402,1.547106e-02
0.183280,3.120000,3.119154,0.40971028,0.40233880,1.799192e-02
0.199960,3.120000,3.119154,0.39840364,0.39030310,2.033249e-02
0.216640,3.120000,3.119154,0.38755867,0.37889234,2.236133e-02
0.233320,3.120000,3.119154,0.37715057,0.36812492,2.393116e-02
0.250000,3.120000,3.119154,0.36715618,0.35802222,2.487760e-02
-0.167000,3.360000,3.359089,0.83441774,0.80590270,3.417358e-02
-0.150320,3.360000,3.359089,0.80199974,0.77949603,2.805950e-02
-0.133640,3.360000,3.359089,0.77143460,0.75402396,2.256917e-02
-0.116960,3.360000,3.359089,0.74258380,0.72944218,1.769715e-02
-0.100280,3.360000,3.359089,0.71532152,0.70570936,1.343753e-02
-0.083600,3.360000,3.359089,0.68953328,0.68278718,9.783576e-03
-0.066920,3.360000,3.359089,0.66511471,0.66064026,6.727325e-03
-0.050240,3.360000,3.359089,0.64197052,0.63923626,4.259169e-03
-0.033560,3.360000,3.359089,0.62001357,0.61854578,2.367352e-03
-0.016880,3.360000,3.359089,0.59916405,0.59854245,1.037447e-03
-0.000200,3.360000,3.359089,0.57934871,0.57920284,2.517892e-04
0.016480,3.360000,3.359089,0.56050029,0.56050654,1.114325e-05
0.033160,3.360000,3.359089,0.54255690,0.54243612,2.226201e-04
0.049840,3.360000,3.359089,0.52546151,0.52497712,9.218414e-04
0.066520,3.360000,3.359089,0.50916153,0.50811809,2.049330e-03
0.083200,3.360000,3.359089,0.49360837,0.49185055,3.561160e-03
0.099880,3.360000,3.359089,0.47875710,0.47616901,5.405845e-03
0.116560,3.360000,3.359089,0.46456612,0.46107097,7.523456e-03
0.133240,3.360000,3.359089,0.45099686,0.44655692,9.844721e-03
0.149920,3.360000,3.359089,0.43801352,0.43263031,1.229005e-02
0.166600,3.360000,3.359089,0.42558287,0.41929762,1.476857e-02
0.183280,3.360000,3.359089,0.41367397,0.40656828,1.717703e-02
0.199960,3.360000,3.359089,0.40225802,0.39445472,1.939875e-02
0.216640,3.360000,3.359089,0.39130820,0.38297236,2.130249e-02
0.233320,3.360000,3.359089,0.38079946,0.37213959,2.274128e-02
0.250000,3.360000,3.359089,0.37070844,0.36197782,2.355119e-02
-0.167000,3.600000,3.599024,0.84290345,0.81367287,3.467844e-02
-0.150320,3.600000,3.599024,0.81015633,0.78704136,2.853150e-02
-0.133640,3.600000,3.599024,0.77928085,0.76135117,2.300798e-02
-0.116960,3.600000,3.599024,0.75013707,0.73655800,1.810212e-02
-0.100280,3.600000,3.599024,0.72259791,0.71262052,1.380767e-02
-0.083600,3.600000,3.599024,0.69654772,0.68950039,1.011752e-02
-0.066920,3.600000,3.599024,0.67188109,0.66716226,7.023312e-03
-0.050240,3.600000,3.599024,0.64850176,0.64557376,4.515024e-03
-0.033560,3.600000,3.599024,0.62632171,0.62470552,2.580459e-03
-0.016880,3.600000,3.599024,0.60526032,0.60453113,1.204742e-03
-0.000200,3.600000,3.599024,0.58524360,0.58502720,3.697512e-04
0.016480,3.600000,3.599024,0.56620361,0.56617331,5.351438e-05
0.033160,3.600000,3.599024,0.54807783,0.54795201,2.295561e-04
0.049840,3.600000,3.599024,0.53080866,0.53034887,8.662027e-04
0.066520,3.600000,3.599024,0.51434296,0.51335241,1.925855e-03
0.083200,3.600000,3.599024,0.49863167,0.49695417,3.364206e-03
0.099880,3.600000,3.599024,0.48362940,0.48114866,5.129423e-03
0.116560,3.600000,3.599024,0.46929412,0.46593337,7.161282e-03
0.133240,3.600000,3.599024,0.45558687,0.45130879,9.390269e-03
0.149920,3.600000,3.599024,0.44247151,0.43727838,1.173663e-02
0.166600,3.600000,3.599024,0.42991443,0.42384861,1.410936e-02
0.183280,3.600000,3.599024,0.41788441,0.41102892,1.640522e-02
0.199960,3.600000,3.599024,0.40635235,0.39883173,1.850762e-02
0.216640,3.600000,3.599024,0.39529114,0.38727246,2.028550e-02
0.233320,3.600000,3.599024,0.38467551,0.37636952,2.159220e-02
0.250000,3.600000,3.599024,0.37448183,0.36614429,2.226423e-02
-0.167000,3.840000,3.838959,0.85186921,0.82188484,3.519833e-02
-0.150320,3.840000,3.838959,0.81877439,0.79501298,2.902070e-02
-0.133640,3.840000,3.838959,0.78757102,0.76908964,2.346630e-02
-0.116960,3.840000,3.838959,0.75811770,0.74407050,1.852905e-02
-0.100280,3.840000,3.838959,0.73028600,0.71991423,1.420234e-02
-0.083600,3.840000,3.838959,0.70395905,0.69658251,1.047866e-02
-0.066920,3.840000,3.838959,0.67903033,0.67403997,7.349249e-03
-0.050240,3.840000,3.838959,0.65540257,0.65225426,4.803632e-03
-0.033560,3.840000,3.838959,0.63298680,0.63119598,2.829159e-03
-0.016880,3.840000,3.838959,0.61170155,0.61083876,1.410482e-03
-0.000200,3.840000,3.838959,0.59147206,0.59115917,5.290025e-04
0.016480,3.840000,3.838959,0.57222967,0.57213681,1.622701e-04
0.033160,3.840000,3.838959,0.55391118,0.55375424,2.833370e-04
0.049840,3.840000,3.838959,0.53645840,0.53599701,8.600754e-04
0.066520,3.840000,3.838959,0.51981763,0.51885365,1.854450e-03
0.083200,3.840000,3.838959,0.50393926,0.50231570,3.221748e-03
0.099880,3.840000,3.838959,0.48877745,0.48637766,4.909772e-03
0.116560,3.840000,3.838959,0.47428970,0.47103703,6.857981e-03
0.133240,3.840000,3.838959,0.46043667,0.45629430,8.996597e-03
0.149920,3.840000,3.838959,0.44718180,0.44215294,1.124567e-02
0.166600,3.840000,3.838959,0.43449115,0.42861940,1.351409e-02
0.183280,3.840000,3.838959,0.42233315,0.41570312,1.569858e-02
0.199960,3.840000,3.838959,0.41067841,0.40341653,1.768263e-02
0.216640,3.840000,3.838959,0.39949952,0.39177506,1.933536e-02
0.233320,3.840000,3.838959,0.38877095,0.38079709,2.051042e-02
0.250000,3.840000,3.838959,0.37846881,0.37050403,2.104475e-02
-0.167000,4.080000,4.078894,0.86129773,0.83051978,3.573439e-02
-0.150320,4.080000,4.078894,0.82783726,0.80339208,2.952897e-02
-0.133640,4.080000,4.078894,0.79628909,0.77722053,2.394678e-02
-0.116960,4.080000,4.078894,0.76651027,0.75196084,1.898139e-02
-0.100280,4.080000,4.078894,0.73837095,0.72757168,1.462580e-02
-0.083600,4.080000,4.078894,0.71175297,0.70401471,1.087211e-02
-0.066920,4.080000,4.078894,0.68654865,0.68125458,7.711126e-03
-0.050240,4.080000,4.078894,0.66265963,0.65925893,5.131899e-03
-0.033560,4.080000,4.078894,0.63999598,0.63799836,3.121301e-03
-0.016880,4.080000,4.078894,0.61847533,0.61744650,1.663494e-03
-0.000200,4.080000,4.078894,0.59802210,0.59757993,7.393807e-04
0.016480,4.080000,4.078894,0.57856686,0.57837824,3.260074e-04
0.033160,4.080000,4.078894,0.56004572,0.55982398,3.959326e-04
0.049840,4.080000,4.078894,0.54239986,0.54190272,9.165494e-04
0.066520,4.080000,4.078894,0.52557497,0.52460299,1.849364e-03
0.083200,4.080000,4.078894,0.50952091,0.50791631,3.149238e-03
0.099880,4.080000,4.078894,0.49419132,0.49183720,4.763580e-03
0.116560,4.080000,4.078894,0.47954325,0.47636315,6.631514e-03
0.133240,4.080000,4.078894,0.46553689,0.46149465,8.682979e-03
0.149920,4.080000,4.078894,0.45213532,0.44723516,1.083781e-02
0.166600,4.080000,4.078894,0.43930421,0.43359115,1.300478e-02
0.183280,4.080000,4.078894,0.42701163,0.42057206,1.508055e-02
0.199960,4.080000,4.078894,0.41522787,0.40819031,1.694867e-02
0.216640,4.080000,4.078894,0.40392524,0.39646133,1.847844e-02
0.233320,4.080000,4.078894,0.39307788,0.38540350,1.952382e-02
0.250000,4.080000,4.078894,0.38266169,0.37503823,1.992219e-02
-0.167000,4.320000,4.318829,0.87117153,0.83955768,3.628889e-02
-0.150320,4.320000,4.318829,0.83732817,0.81215862,3.005937e-02
-0.133640,4.320000,4.318829,0.80541894,0.78572383,2.445325e-02
-0.116960,4.320000,4.318829,0.77529926,0.76020902,1.946376e-02
-0.100280,4.320000,4.318829,0.74683779,0.73557284,1.508353e-02
-0.083600,4.320000,4.318829,0.71991506,0.71177698,1.130422e-02
-0.066920,4.320000,4.318829,0.69442212,0.68878607,8.116167e-03
-0.050240,4.320000,4.318829,0.67025951,0.66656775,5.507965e-03
-0.033560,4.320000,4.318829,0.64733629,0.64509264,3.465981e-03
-0.016880,4.320000,4.318829,0.62556913,0.62433434,1.973863e-03
-0.000200,4.320000,4.318829,0.60488159,0.60426946,1.011988e-03
0.016480,4.320000,4.318829,0.58520345,0.58487756,5.568837e-04
0.033160,4.320000,4.318829,0.56647011,0.56614122,5.805915e-04
0.049840,4.320000,4.318829,0.54862204,0.54804598,1.050001e-03
0.066520,4.320000,4.318829,0.53160434,0.53058039,1.926140e-03
0.083200,4.320000,4.318829,0.51536629,0.51373598,3.163415e-03
0.099880,4.320000,4.318829,0.49986100,0.49750724,4.708830e-03
0.116560,4.320000,4.318829,0.48504503,0.48189168,6.501144e-03
0.133240,4.320000,4.318829,0.47087813,0.46688979,8.469995e-03
0.149920,4.320000,4.318829,0.45732292,0.45250503,1.053499e-02
0.166600,4.320000,4.318829,0.44434471,0.43874386,1.260474e-02
0.183280,4.320000,4.318829,0.43191120,0.42561572,1.457586e-02
0.199960,4.320000,4.318829,0.41999233,0.41313304,1.633194e-02
0.216640,4.320000,4.318829,0.40856010,0.40131124,1.774245e-02
0.233320,4.320000,4.318829,0.39758836,0.39016872,1.866162e-02
0.250000,4.320000,4.318829,0.38705272,0.37972686,1.892729e-02
-0.167000,4.560000,4.558764,0.88147309,0.84897729,3.686533e-02
-0.150320,4.560000,4.558764,0.84723028,0.82129136,3.061613e-02
-0.133640,4.560000,4.558764,0.81494436,0.79457829,2.499074e-02
-0.116960,4.560000,4.558764,0.78446906,0.76879377,1.998203e-02
-0.100280,4.560000,4.558764,0.75567151,0.74389647,1.558222e-02
-0.083600,4.560000,4.558764,0.72843082,0.71984806,1.178253e-02
-0.066920,4.560000,4.558764,0.70263678,0.69661319,8.572838e-03
-0.050240,4.560000,4.558764,0.67818875,0.67415948,5.941229e-03
-0.033560,4.560000,4.558764,0.65499471,0.65245756,3.873554e-03
-0.016880,4.560000,4.558764,0.63297037,0.63148103,2.352928e-03
-0.000200,4.560000,4.558764,0.61203837,0.61120650,1.359190e-03
0.016480,4.560000,4.558764,0.59212769,0.59161353,8.683219e-04
0.033160,4.560000,4.558764,0.57317294,0.57268470,8.518274e-04
0.049840,4.560000,4.558764,0.55511392,0.55440555,1.276073e-03
0.066520,4.560000,4.558764,0.53789506,0.53676463,2.101581e-03
0.083200,4.560000,4.558764,0.52146506,0.51975346,3.282289e-03
0.099880,4.560000,4.558764,0.50577646,0.50336655,4.764768e-03
0.116560,4.560000,4.558764,0.49078532,0.48760140,6.487392e-03
0.133240,4.560000,4.558764,0.47645090,0.47245849,8.379482e-03
0.149920,4.560000,4.558764,0.46273541,0.45794129,1.036039e-02
0.166600,4.560000,4.558764,0.44960373,0.44405627,1.233855e-02
0.183280,4.560000,4.558764,0.43702318,0.43081285,1.421051e-02
0.199960,4.560000,4.558764,0.42496335,0.41822348,1.585989e-02
0.216640,4.560000,4.558764,0.41339590,0.40630356,1.715630e-02
0.233320,4.560000,4.558764,0.40229440,0.39507150,1.795426e-02
0.250000,4.560000,4.558764,0.39163414,0.38454869,1.809201e-02
-0.167000,4.800000,4.798699,0.89218492,0.85875616,3.746843e-02
-0.150320,4.800000,4.798699,0.85752676,0.83076786,3.120475e-02
-0.133640,4.800000,4.798699,0.82484917,0.80376146,2.556554e-02
-0.116960,4.800000,4.798699,0.79400412,0.77769265,2.054330e-02
-0.100280,4.800000,4.798699,0.76485712,0.75252012,1.612982e-02
-0.083600,4.800000,4.798699,0.73728583,0.72820551,1.231587e-02
-0.066920,4.800000,4.798699,0.71117870,0.70471348,9.090852e-03
-0.050240,4.800000,4.798699,0.68643389,0.68201166,6.442327e-03
-0.033560,4.800000,4.798699,0.66295826,0.66007067,4.355615e-03
-0.016880,4.800000,4.798699,0.64066649,0.63886412,2.813279e-03
-0.000200,4.800000,4.798699,0.61948032,0.61836860,1.794596e-03
0.016480,4.800000,4.798699,0.59932783,0.59856369,1.274985e-03
0.033160,4.800000,4.798699,0.58014287,0.57943197,1.225392e-03
0.049840,4.800000,4.798699,0.56186449,0.56095897,1.611638e-03
0.066520,4.800000,4.798699,0.54443647,0.54313324,2.393721e-03
0.083200,4.800000,4.798699,0.52780687,0.52594630,3.525088e-03
0.099880,4.800000,4.798699,0.51192766,0.50939267,4.951853e-03
0.116560,4.800000,4.798699,0.49675437,0.49346984,6.611991e-03
0.133240,4.800000,4.798699,0.48224578,0.47817829,8.434472e-03
0.149920,4.800000,4.798699,0.46836362,0.46352150,1.033838e-02
0.166600,4.800000,4.798699,0.45507235,0.44950593,1.223196e-02
0.183280,4.800000,4.798699,0.44233891,0.43614100,1.401167e-02
0.199960,4.800000,4.798699,0.43013251,0.42343917,1.556112e-02
0.216640,4.800000,4.798699,0.41842447,0.41141583,1.675007e-02
0.233320,4.800000,4.798699,0.40718802,0.40008939,1.743329e-02
0.250000,4.800000,4.798699,0.39639817,0.38948124,1.744946e-02
-0.167000,5.040000,5.038634,0.90328963,0.86887060,3.810409e-02
-0.150320,5.040000,5.038634,0.86820092,0.84056443,3.183191e-02
-0.133640,5.040000,5.038634,0.83511732,0.81324966,2.618514e-02
-0.116960,5.040000,5.038634,0.80388897,0.78688199,2.115587e-02
-0.100280,5.040000,5.038634,0.77437972,0.76142010,1.673548e-02
-0.083600,5.040000,5.038634,0.74646571,0.73682564,1.291428e-02
-0.066920,5.040000,5.038634,0.72003402,0.71306327,9.681143e-03
-0.050240,5.040000,5.038634,0.69498156,0.69010062,7.023125e-03
-0.033560,5.040000,5.038634,0.67121402,0.66790830,4.924986e-03
-0.016880,5.040000,5.038634,0.64864503,0.64645993,3.368720e-03
-0.000200,5.040000,5.038634,0.62719536,0.62573210,2.333028e-03
0.016480,5.040000,5.038634,0.60679221,0.60570439,1.792744e-03
0.033160,5.040000,5.038634,0.58736860,0.58635936,1.718240e-03
0.049840,5.040000,5.038634,0.56886282,0.56768257,2.074767e-03
0.066520,5.040000,5.038634,0.55121797,0.54966255,2.821783e-03
0.083200,5.040000,5.038634,0.53438145,0.53229083,3.912218e-03
0.099880,5.040000,5.038634,0.51830465,0.51556193,5.291713e-03
0.116560,5.040000,5.038634,0.50294254,0.49947333,6.897817e-03
0.133240,5.040000,5.038634,0.48825338,0.48402553,8.659139e-03
0.149920,5.040000,5.038634,0.47419844,0.46922199,1.049446e-02
0.166600,5.040000,5.038634,0.46074174,0.45506916,1.231183e-02
0.183280,5.040000,5.038634,0.44784979,0.44157650,1.400757e-02
0.199960,5.040000,5.038634,0.43549144,0.42875643,1.546530e-02
0.216640,5.040000,5.038634,0.42363764,0.41662437,1.655489e-02
0.233320,5.040000,5.038634,0.41226131,0.40519872,1.713134e-02
0.250000,5.040000,5.038634,0.40133713,0.39450086,1.703373e-02
-0.167000,5.280000,5.278569,0.91477002,0.87929575,3.877945e-02
-0.150320,5.280000,5.278569,0.87923623,0.85065619,3.250552e-02
-0.133640,5.280000,5.278569,0.84573290,0.82301801,2.685823e-02
-0.116960,5.280000,5.278569,0.81410830,0.79633691,2.182927e-02
-0.100280,5.280000,5.278569,0.78422456,0.77057154,1.740958e-02
-0.083600,5.280000,5.278569,0.75595626,0.74568359,1.358898e-02
-0.066920,5.280000,5.278569,0.72918905,0.72163769,1.035584e-02
-0.050240,5.280000,5.278569,0.70381854,0.69840147,7.696675e-03
-0.033560,5.280000,5.278569,0.67974922,0.67594557,5.595669e-03
-0.016880,5.280000,5.278569,0.65689365,0.65424358,4.034237e-03
-0.000200,5.280000,5.278569,0.63517157,0.63327211,2.990480e-03
0.016480,5.280000,5.278569,0.61450928,0.61301072,2.438636e-03
0.033160,5.280000,5.278569,0.59483895,0.59344198,2.348475e-03
0.049840,5.280000,5.278569,0.57609809,0.57455146,2.684672e-03
0.066520,5.280000,5.278569,0.55822907,0.55632768,3.406113e-03
0.083200,5.280000,5.278569,0.54117864,0.53876217,4.465199e-03
0.099880,5.280000,5.278569,0.52489756,0.52184944,5.807074e-03
0.116560,5.280000,5.278569,0.50934024,0.50558699,7.368840e-03
0.133240,5.280000,5.278569,0.49446441,0.48997531,9.078720e-03
0.149920,5.280000,5.278569,0.48023085,0.47501786,1.085518e-02
0.166600,5.280000,5.278569,0.46660312,0.46072110,1.260604e-02
0.183280,5.280000,5.278569,0.45354731,0.44709447,1.422749e-02
0.199960,5.280000,5.278569,0.44103187,0.43415040,1.560310e-02
0.216640,5.280000,5.278569,0.42902739,0.42190431,1.660284e-02
0.233320,5.280000,5.278569,0.41750642,0.41037460,1.708194e-02
0.250000,5.280000,5.278569,0.40644336,0.39958266,1.687985e-02
-0.167000,5.520000,5.518503,0.92660913,0.89000550,3.950278e-02
-0.150320,5.520000,5.518503,0.89061636,0.86101705,3.323464e-02
-0.133640,5.520000,5.518503,0.85668023,0.83304042,2.759467e-02
-0.116960,5.520000,5.518503,0.82464702,0.80603130,2.257417e-02
-0.100280,5.520000,5.518503,0.79437711,0.77994835,1.816362e-02
-0.083600,5.520000,5.518503,0.76574347,0.75475324,1.435236e-02
-0.066920,5.520000,5.518503,0.73863027,0.73041062,1.112823e-02
-0.050240,5.520000,5.518503,0.71293178,0.70688813,8.477173e-03
-0.033560,5.520000,5.518503,0.68855127,0.68415638,6.382807e-03
-0.016880,5.520000,5.518503,0.66540016,0.66218898,4.825942e-03
-0.000200,5.520000,5.518503,0.64339718,0.64096253,3.784066e-03
0.016480,5.520000,5.518503,0.62246766,0.62045659,3.230801e-03
0.033160,5.520000,5.518503,0.60254291,0.60065375,3.135307e-03
0.049840,5.520000,5.518503,0.58355963,0.58153955,3.461647e-03
0.066520,5.520000,5.518503,0.56545944,0.56310253,4.168133e-03
0.083200,5.520000,5.518503,0.54818842,0.54533421,5.206606e-03
0.099880,5.520000,5.518503,0.53169668,0.52822912,6.521699e-03
0.116560,5.520000,5.518503,0.51593806,0.51178473,8.050044e-03
0.133240,5.520000,5.518503,0.50086973,0.49600154,9.719457e-03
0.149920,5.520000,5.518503,0.48645196,0.48088303,1.144807e-02
0.166600,5.520000,5.518503,0.47264785,0.46643563,1.314345e-02
0.183280,5.520000,5.518503,0.45942306,0.45266880,1.470161e-02
0.199960,5.520000,5.518503,0.44674562,0.43959497,1.600609e-02
0.216640,5.520000,5.518503,0.43458575,0.42722955,1.692691e-02
0.233320,5.520000,5.518503,0.42291564,0.41559095,1.731953e-02
0.250000,5.520000,5.518503,0.41170936,0.40470054,1.702371e-02
-0.167000,5.760000,5.758438,0.93879027,0.90097254,4.028348e-02
-0.150320,5.760000,5.758438,0.90232532,0.87161970,3.402943e-02
-0.133640,5.760000,5.758438,0.86794389,0.84328957,2.840543e-02
-0.116960,5.760000,5.758438,0.83549030,0.81593785,2.340236e-02
-0.100280,5.760000,5.758438,0.80482309,0.78952320,1.901025e-02
-0.083600,5.760000,5.758438,0.77581356,0.76400730,1.521792e-02
-0.066920,5.760000,5.758438,0.74834440,0.73935478,1.201268e-02
-0.050240,5.760000,5.758438,0.72230846,0.71553328,9.379906e-03
-0.033560,5.760000,5.758438,0.69760779,0.69251342,7.302621e-03
-0.016880,5.760000,5.758438,0.67415262,0.67026881,5.761018e-03
-0.000200,5.760000,5.758438,0.65186063,0.64877605,4.731961e-03
0.016480,5.760000,5.758438,0.63065617,0.62801470,4.188435e-03
0.033160,5.760000,5.758438,0.61046964,0.60796735,4.098970e-03
0.049840,5.760000,5.758438,0.59123694,0.58861953,4.427011e-03
0.066520,5.760000,5.758438,0.57289892,0.56995979,5.130266e-03
0.083200,5.760000,5.758438,0.55540093,0.55197966,6.160003e-03
0.099880,5.760000,5.758438,0.53869246,0.53467364,7.460319e-03
0.116560,5.760000,5.758438,0.52272671,0.51803923,8.967360e-03
0.133240,5.760000,5.758438,0.50746032,0.50207692,1.060851e-02
0.149920,5.760000,5.758438,0.49285303,0.48679017,1.230156e-02
0.166600,5.760000,5.758438,0.47886745,0.47218545,1.395376e-02
0.183280,5.760000,5.758438,0.46546880,0.45827219,1.546098e-02
0.199960,5.760000,5.758438,0.45262468,0.44506283,1.670667e-02
0.216640,5.760000,5.758438,0.44030492,0.43257278,1.756089e-02
0.233320,5.760000,5.758438,0.42848137,0.42082044,1.787927e-02
0.250000,5.760000,5.758438,0.41712773,0.40982719,1.750191e-02
-0.167000,6.000000,5.998373,0.95129712,0.91216834,4.113202e-02
-0.150320,6.000000,5.998373,0.91434738,0.88243561,3.490115e-02
-0.133640,6.000000,5.998373,0.87950879,0.85373694,2.930255e-02
-0.116960,6.000000,5.998373,0.84662360,0.82602804,2.432669e-02
-0.100280,6.000000,5.998373,0.81554848,0.79926758,1.996313e-02
-0.083600,6.000000,5.998373,0.78615305,0.77341723,1.620018e-02
-0.066920,6.000000,5.998373,0.75831841,0.74844161,1.302460e-02
-0.050240,6.000000,5.998373,0.73193603,0.72430839,1.042119e-02
-0.033560,6.000000,5.998373,0.70690664,0.70098817,8.372354e-03
-0.016880,6.000000,5.998373,0.68313929,0.67845455,6.857662e-03
-0.000200,6.000000,5.998373,0.66055057,0.65668414,5.853336e-03
0.016480,6.000000,5.998373,0.63906383,0.63565652,5.331713e-03
0.033160,6.000000,5.998373,0.61860854,0.61535425,5.260674e-03
0.049840,6.000000,5.998373,0.59911976,0.59576287,5.603031e-03
0.066520,6.000000,5.998373,0.58053754,0.57687094,6.315869e-03
0.083200,6.000000,5.998373,0.56280653,0.55866997,7.349866e-03
0.099880,6.000000,5.998373,0.54587552,0.54115448,8.648563e-03
0.116560,6.000000,5.998373,0.52969712,0.52432197,1.014760e-02
0.133240,6.000000,5.998373,0.51422738,0.50817291,1.177391e-02
0.149920,6.000000,5.998373,0.49942550,0.49271078,1.344489e-02
0.166600,6.000000,5.998373,0.48525360,0.47794203,1.506751e-02
0.183280,6.000000,5.998373,0.47167643,0.46387612,1.653743e-02
0.199960,6.000000,5.998373,0.45866118,0.45052545,1.773799e-02
0.216640,6.000000,5.998373,0.44617727,0.43790547,1.853927e-02
0.233320,6.000000,5.998373,0.43419616,0.42603455,1.879705e-02
0.250000,6.000000,5.998373,0.42269121,0.41493410,1.835174e-02
