exp_1,exp_2,exp_3,exp_4,R1_re,R1_im,R2_re,R2_im,R3_re,R3_im,R4_re,R4_im
1,0,0,0,-0.0005369754008568333,0.5489201483617312,0.0,0.0,0.0,0.0,0.0,0.0
0,1,0,0,0.0,0.0,-0.0005369754008568333,-0.5489201483617312,0.0,0.0,0.0,0.0
1,0,1,0,2.478421878794627e-21,-1.0947948560589909,0.0,0.0,0.0,0.0,0.0,0.0
1,0,0,1,9.732363036908371e-26,-2.0032979083055455e-14,0.0,0.0,0.0,0.0,0.0,0.0
0,1,1,0,0.0,-0.0,2.478421878794627e-21,1.0947948560589909,0.0,0.0,0.0,0.0
0,1,0,1,0.0,-0.0,9.732363036908371e-26,2.0032979083055455e-14,0.0,0.0,0.0,0.0
2,1,0,0,4.832535305386421e-13,2.6578574205860074e-5,0.0,0.0,0.0,0.0,0.0,0.0
1,2,0,0,0.0,-0.0,4.832535305386421e-13,-2.6578574205860074e-5,0.0,0.0,0.0,0.0
1,0,2,0,0.9977614577423507,1.0894399210772652,0.0,0.0,0.0,0.0,0.0,0.0
1,0,1,1,1.827198780312546e-14,-1.520627508095742e-6,0.0,0.0,0.0,0.0,0.0,0.0
1,0,0,2,-2.58067816865292e-23,0.0038695448004723272,0.0,0.0,0.0,0.0,0.0,0.0
0,1,2,0,0.0,-0.0,0.9977614577423507,-1.0894399210772652,0.0,0.0,0.0,0.0
0,1,1,1,0.0,-0.0,1.827198780312546e-14,1.520627508095742e-6,0.0,0.0,0.0,0.0
0,1,0,2,0.0,-0.0,-2.58067816865292e-23,-0.0038695448004723272,0.0,0.0,0.0,0.0
2,1,1,0,-2.4196947646700413e-5,1.3123981601024777e-5,0.0,0.0,0.0,0.0,0.0,0.0
1,2,1,0,0.0,-0.0,-2.4196947646700413e-5,-1.3123981601024777e-5,0.0,0.0,0.0,0.0
1,0,3,0,-0.49678058103708633,-0.719134989344289,0.0,0.0,0.0,0.0,0.0,0.0
1,0,2,1,-2.631379974292983e-6,-5.848676554485565e-6,0.0,0.0,0.0,0.0,0.0,0.0
1,0,1,2,-0.0035228035836405457,-0.005800687915181124,0.0,0.0,0.0,0.0,0.0,0.0
1,0,0,3,6.31627590528992e-20,3.8011321656150734e-9,0.0,0.0,0.0,0.0,0.0,0.0
0,1,3,0,0.0,-0.0,-0.49678058103708633,0.719134989344289,0.0,0.0,0.0,0.0
0,1,2,1,0.0,-0.0,-2.631379974292983e-6,5.848676554485565e-6,0.0,0.0,0.0,0.0
0,1,1,2,0.0,-0.0,-0.0035228035836405457,0.005800687915181124,0.0,0.0,0.0,0.0
0,1,0,3,0.0,-0.0,6.31627590528992e-20,-3.8011321656150734e-9,0.0,0.0,0.0,0.0
3,2,0,0,-4.552105044616464e-13,-2.001980157917122e-9,0.0,0.0,0.0,0.0,0.0,0.0
2,3,0,0,0.0,-0.0,-4.552105044616464e-13,2.001980157917122e-9,0.0,0.0,0.0,0.0
2,1,2,0,-4.8097853988178225e-5,-1.9596060408106695e-6,0.0,0.0,0.0,0.0,0.0,0.0
2,1,1,1,-1.8880100742460486e-13,8.110601277575915e-10,0.0,0.0,0.0,0.0,0.0,0.0
2,1,0,2,3.0972342681481953e-10,-2.3488860575386784e-6,0.0,0.0,0.0,0.0,0.0,0.0
1,2,2,0,0.0,-0.0,-4.8097853988178225e-5,1.9596060408106695e-6,0.0,0.0,0.0,0.0
1,2,1,1,0.0,-0.0,-1.8880100742460486e-13,-8.110601277575915e-10,0.0,0.0,0.0,0.0
1,2,0,2,0.0,-0.0,3.0972342681481953e-10,2.3488860575386784e-6,0.0,0.0,0.0,0.0
1,0,4,0,0.9078694681156527,1.6180439448605417,0.0,0.0,0.0,0.0,0.0,0.0
1,0,3,1,1.20169038284936e-5,3.641443340297153e-6,0.0,0.0,0.0,0.0,0.0,0.0
1,0,2,2,1.2399183065871167e-5,0.0074072277304074495,0.0,0.0,0.0,0.0,0.0,0.0
1,0,1,3,1.302993963477084e-8,8.322964739487308e-9,0.0,0.0,0.0,0.0,0.0,0.0
1,0,0,4,-1.3351002094187106e-8,-1.477611520276018e-5,0.0,0.0,0.0,0.0,0.0,0.0
0,1,4,0,0.0,-0.0,0.9078694681156527,-1.6180439448605417,0.0,0.0,0.0,0.0
0,1,3,1,0.0,-0.0,1.20169038284936e-5,-3.641443340297153e-6,0.0,0.0,0.0,0.0
0,1,2,2,0.0,-0.0,1.2399183065871167e-5,-0.0074072277304074495,0.0,0.0,0.0,0.0
0,1,1,3,0.0,-0.0,1.302993963477084e-8,-8.322964739487308e-9,0.0,0.0,0.0,0.0
0,1,0,4,0.0,-0.0,-1.3351002094187106e-8,1.477611520276018e-5,0.0,0.0,0.0,0.0
3,2,1,0,2.4035019042886622e-9,-4.640057381933879e-9,0.0,0.0,0.0,0.0,0.0,0.0
2,3,1,0,0.0,-0.0,2.4035019042886622e-9,4.640057381933879e-9,0.0,0.0,0.0,0.0
2,1,3,0,-0.00014252200863871953,-5.153872448384114e-5,0.0,0.0,0.0,0.0,0.0,0.0
2,1,2,1,2.1940129562491855e-11,4.4315412416204004e-9,0.0,0.0,0.0,0.0,0.0,0.0
2,1,1,2,2.3098144791552717e-6,-1.1398632928633008e-6,0.0,0.0,0.0,0.0,0.0,0.0
2,1,0,3,4.756950436413457e-16,-2.1583301898874014e-12,0.0,0.0,0.0,0.0,0.0,0.0
1,2,3,0,0.0,-0.0,-0.00014252200863871953,5.153872448384114e-5,0.0,0.0,0.0,0.0
1,2,2,1,0.0,-0.0,2.1940129562491855e-11,-4.4315412416204004e-9,0.0,0.0,0.0,0.0
1,2,1,2,0.0,-0.0,2.3098144791552717e-6,1.1398632928633008e-6,0.0,0.0,0.0,0.0
1,2,0,3,0.0,-0.0,4.756950436413457e-16,2.1583301898874014e-12,0.0,0.0,0.0,0.0
4,3,0,0,1.1718367332512242e-16,2.4297461734223025e-13,0.0,0.0,0.0,0.0,0.0,0.0
3,4,0,0,0.0,-0.0,1.1718367332512242e-16,-2.4297461734223025e-13,0.0,0.0,0.0,0.0
3,2,2,0,1.2573842547729648e-8,-3.358010482613659e-9,0.0,0.0,0.0,0.0,0.0,0.0
3,2,1,1,1.7446345318073105e-16,-2.893870225750751e-13,0.0,0.0,0.0,0.0,0.0,0.0
3,2,0,2,-4.1410545651582597e-13,8.416314567164337e-10,0.0,0.0,0.0,0.0,0.0,0.0
2,3,2,0,0.0,-0.0,1.2573842547729648e-8,3.358010482613659e-9,0.0,0.0,0.0,0.0
2,3,1,1,0.0,-0.0,1.7446345318073105e-16,2.893870225750751e-13,0.0,0.0,0.0,0.0
2,3,0,2,0.0,-0.0,-4.1410545651582597e-13,-8.416314567164337e-10,0.0,0.0,0.0,0.0
2,1,4,0,-0.0002144951150505592,-0.0003702886865751797,0.0,0.0,0.0,0.0,0.0,0.0
2,1,3,1,-4.504939159602965e-9,1.4931935911147158e-9,0.0,0.0,0.0,0.0,0.0,0.0
2,1,2,2,3.507125212564002e-6,1.0574003704186252e-6,0.0,0.0,0.0,0.0,0.0,0.0
2,1,1,3,-1.4435905854948064e-12,-2.8012786570357774e-11,0.0,0.0,0.0,0.0,0.0,0.0
2,1,0,4,-6.909244247887116e-14,6.290371921812896e-8,0.0,0.0,0.0,0.0,0.0,0.0
1,2,4,0,0.0,-0.0,-0.0002144951150505592,0.0003702886865751797,0.0,0.0,0.0,0.0
1,2,3,1,0.0,-0.0,-4.504939159602965e-9,-1.4931935911147158e-9,0.0,0.0,0.0,0.0
1,2,2,2,0.0,-0.0,3.507125212564002e-6,-1.0574003704186252e-6,0.0,0.0,0.0,0.0
1,2,1,3,0.0,-0.0,-1.4435905854948064e-12,2.8012786570357774e-11,0.0,0.0,0.0,0.0
1,2,0,4,0.0,-0.0,-6.909244247887116e-14,-6.290371921812896e-8,0.0,0.0,0.0,0.0
4,3,1,0,-3.528628501440816e-13,9.975014229453124e-13,0.0,0.0,0.0,0.0,0.0,0.0
3,4,1,0,0.0,-0.0,-3.528628501440816e-13,-9.975014229453124e-13,0.0,0.0,0.0,0.0
3,2,3,0,4.5979177292508374e-8,1.8471491575401e-8,0.0,0.0,0.0,0.0,0.0,0.0
3,2,2,1,1.101201528071234e-13,-2.1523792424100425e-12,0.0,0.0,0.0,0.0,0.0,0.0
3,2,1,2,-8.580362090386843e-10,1.997400609458787e-9,0.0,0.0,0.0,0.0,0.0,0.0
2,3,3,0,0.0,-0.0,4.5979177292508374e-8,-1.8471491575401e-8,0.0,0.0,0.0,0.0
2,3,2,1,0.0,-0.0,1.101201528071234e-13,2.1523792424100425e-12,0.0,0.0,0.0,0.0
2,3,1,2,0.0,-0.0,-8.580362090386843e-10,-1.997400609458787e-9,0.0,0.0,0.0,0.0
4,3,2,0,-2.8619403485339246e-12,1.4686918046236728e-12,0.0,0.0,0.0,0.0,0.0,0.0
4,3,0,2,2.412078479306893e-16,-2.636382271062027e-13,0.0,0.0,0.0,0.0,0.0,0.0
3,4,2,0,0.0,-0.0,-2.8619403485339246e-12,-1.4686918046236728e-12,0.0,0.0,0.0,0.0
3,4,0,2,0.0,-0.0,2.412078479306893e-16,2.636382271062027e-13,0.0,0.0,0.0,0.0
3,2,4,0,1.0199147498327227e-7,1.687818464925074e-7,0.0,0.0,0.0,0.0,0.0,0.0
3,2,3,1,1.7531965554334535e-12,-3.5082615521721435e-12,0.0,0.0,0.0,0.0,0.0,0.0
3,2,2,2,-2.5853626767910027e-9,7.932984954068377e-10,0.0,0.0,0.0,0.0,0.0,0.0
3,2,1,3,-2.38218839912964e-17,2.991016736051742e-14,0.0,0.0,0.0,0.0,0.0,0.0
3,2,0,4,3.0429291778999163e-14,-5.933968360392841e-11,0.0,0.0,0.0,0.0,0.0,0.0
2,3,4,0,0.0,-0.0,1.0199147498327227e-7,-1.687818464925074e-7,0.0,0.0,0.0,0.0
2,3,3,1,0.0,-0.0,1.7531965554334535e-12,3.5082615521721435e-12,0.0,0.0,0.0,0.0
2,3,2,2,0.0,-0.0,-2.5853626767910027e-9,-7.932984954068377e-10,0.0,0.0,0.0,0.0
2,3,1,3,0.0,-0.0,-2.38218839912964e-17,-2.991016736051742e-14,0.0,0.0,0.0,0.0
2,3,0,4,0.0,-0.0,3.0429291778999163e-14,5.933968360392841e-11,0.0,0.0,0.0,0.0
