h_ratio,theta,model,z_order,omega0,delta_omega0_rel,modal_proj,mode_norm
0.000000,-1.0000,reference,-1,0.54892041,NaN,NaN,0.86321322
0.000000,-1.0000,parametric,3,0.54886734,9.6685e-05,0.0000,1.05989348
0.000000,-1.0000,parametric,5,0.54886734,9.6685e-05,0.0000,1.05989348
0.000000,-1.0000,parametric,7,0.54886734,9.6685e-05,0.0000,1.05989348
0.000000,-1.0000,parametric,9,0.54886734,9.6685e-05,0.0000,1.05989348
0.000000,-1.0000,parametric,11,0.54886734,9.6685e-05,0.0000,1.05989348
0.000500,-0.9000,reference,-1,0.54966245,NaN,NaN,0.86204789
0.000500,-0.9000,parametric,3,0.54963965,4.1468e-05,0.0000,1.05914904
0.000500,-0.9000,parametric,5,0.54963965,4.1468e-05,0.0000,1.05914904
0.000500,-0.9000,parametric,7,0.54963965,4.1468e-05,0.0000,1.05914904
0.000500,-0.9000,parametric,9,0.54963965,4.1468e-05,0.0000,1.05914904
0.000500,-0.9000,parametric,11,0.54963965,4.1468e-05,0.0000,1.05914904
0.001000,-0.8000,reference,-1,0.55188253,NaN,NaN,0.85858010
0.001000,-0.8000,parametric,3,0.55187364,1.6095e-05,0.0000,1.05710754
0.001000,-0.8000,parametric,5,0.55187364,1.6095e-05,0.0000,1.05710754
0.001000,-0.8000,parametric,7,0.55187364,1.6095e-05,0.0000,1.05710754
0.001000,-0.8000,parametric,9,0.55187364,1.6095e-05,0.0000,1.05710754
0.001000,-0.8000,parametric,11,0.55187364,1.6095e-05,0.0000,1.05710754
0.001500,-0.7000,reference,-1,0.55556281,NaN,NaN,0.85289250
0.001500,-0.7000,parametric,3,0.55555971,5.5830e-06,0.0000,1.05378066
0.001500,-0.7000,parametric,5,0.55555971,5.5830e-06,0.0000,1.05378066
0.001500,-0.7000,parametric,7,0.55555971,5.5830e-06,0.0000,1.05378066
0.001500,-0.7000,parametric,9,0.55555971,5.5830e-06,0.0000,1.05378066
0.001500,-0.7000,parametric,11,0.55555971,5.5830e-06,0.0000,1.05378066
0.002000,-0.6000,reference,-1,0.56067437,NaN,NaN,0.84511686
0.002000,-0.6000,parametric,3,0.56067338,1.7693e-06,0.0000,1.04920820
0.002000,-0.6000,parametric,5,0.56067338,1.7693e-06,0.0000,1.04920820
0.002000,-0.6000,parametric,7,0.56067338,1.7693e-06,0.0000,1.04920820
0.002000,-0.6000,parametric,9,0.56067338,1.7693e-06,0.0000,1.04920820
0.002000,-0.6000,parametric,11,0.56067338,1.7693e-06,0.0000,1.04920820
0.002500,-0.5000,reference,-1,0.56717823,NaN,NaN,0.83542587
0.002500,-0.5000,parametric,3,0.56717787,6.2640e-07,0.0000,1.04345205
0.002500,-0.5000,parametric,5,0.56717787,6.2640e-07,0.0000,1.04345205
0.002500,-0.5000,parametric,7,0.56717787,6.2640e-07,0.0000,1.04345205
0.002500,-0.5000,parametric,9,0.56717787,6.2640e-07,0.0000,1.04345205
0.002500,-0.5000,parametric,11,0.56717787,6.2640e-07,0.0000,1.04345205
0.003000,-0.4000,reference,-1,0.57502682,NaN,NaN,0.82402308
0.003000,-0.4000,parametric,3,0.57502659,3.9380e-07,0.0000,1.03659084
0.003000,-0.4000,parametric,5,0.57502659,3.9380e-07,0.0000,1.03659084
0.003000,-0.4000,parametric,7,0.57502659,3.9380e-07,0.0000,1.03659084
0.003000,-0.4000,parametric,9,0.57502659,3.9380e-07,0.0000,1.03659084
0.003000,-0.4000,parametric,11,0.57502659,3.9380e-07,0.0000,1.03659084
0.003500,-0.3000,reference,-1,0.58416553,NaN,NaN,0.81113203
0.003500,-0.3000,parametric,3,0.58416529,4.1803e-07,0.0000,1.02871511
0.003500,-0.3000,parametric,5,0.58416529,4.1803e-07,0.0000,1.02871511
0.003500,-0.3000,parametric,7,0.58416529,4.1803e-07,0.0000,1.02871511
0.003500,-0.3000,parametric,9,0.58416529,4.1803e-07,0.0000,1.02871511
0.003500,-0.3000,parametric,11,0.58416529,4.1803e-07,0.0000,1.02871511
0.004000,-0.2000,reference,-1,0.59453441,NaN,NaN,0.79698563
0.004000,-0.2000,parametric,3,0.59453411,5.0673e-07,0.0000,1.01992308
0.004000,-0.2000,parametric,5,0.59453411,5.0673e-07,0.0000,1.01992308
0.004000,-0.2000,parametric,7,0.59453411,5.0673e-07,0.0000,1.01992308
0.004000,-0.2000,parametric,9,0.59453411,5.0673e-07,0.0000,1.01992308
0.004000,-0.2000,parametric,11,0.59453411,5.0673e-07,0.0000,1.01992308
0.004500,-0.1000,reference,-1,0.60606979,NaN,NaN,0.78181654
0.004500,-0.1000,parametric,3,0.60606942,6.1030e-07,0.0000,1.01031700
0.004500,-0.1000,parametric,5,0.60606942,6.1030e-07,0.0000,1.01031700
0.004500,-0.1000,parametric,7,0.60606942,6.1030e-07,0.0000,1.01031700
0.004500,-0.1000,parametric,9,0.60606942,6.1030e-07,0.0000,1.01031700
0.004500,-0.1000,parametric,11,0.60606942,6.1030e-07,0.0000,1.01031700
0.005000,0.0000,reference,-1,0.61870583,NaN,NaN,0.76584925
0.005000,0.0000,parametric,3,0.61870539,7.1574e-07,0.0000,1.00000000
0.005000,0.0000,parametric,5,0.61870539,7.1574e-07,0.0000,1.00000000
0.005000,0.0000,parametric,7,0.61870539,7.1574e-07,0.0000,1.00000000
0.005000,0.0000,parametric,9,0.61870539,7.1574e-07,0.0000,1.00000000
0.005000,0.0000,parametric,11,0.61870539,7.1574e-07,0.0000,1.00000000
0.005500,0.1000,reference,-1,0.63237590,NaN,NaN,0.74929391
0.005500,0.1000,parametric,3,0.63237538,8.1929e-07,0.0000,0.98907354
0.005500,0.1000,parametric,5,0.63237538,8.1929e-07,0.0000,0.98907354
0.005500,0.1000,parametric,7,0.63237538,8.1929e-07,0.0000,0.98907354
0.005500,0.1000,parametric,9,0.63237538,8.1929e-07,0.0000,0.98907354
0.005500,0.1000,parametric,11,0.63237538,8.1929e-07,0.0000,0.98907354
0.006000,0.2000,reference,-1,0.64701376,NaN,NaN,0.73234211
0.006000,0.2000,parametric,3,0.64701316,9.1860e-07,0.0000,0.97763532
0.006000,0.2000,parametric,5,0.64701316,9.1860e-07,0.0000,0.97763532
0.006000,0.2000,parametric,7,0.64701316,9.1860e-07,0.0000,0.97763532
0.006000,0.2000,parametric,9,0.64701316,9.1860e-07,0.0000,0.97763532
0.006000,0.2000,parametric,11,0.64701316,9.1860e-07,0.0000,0.97763532
0.006500,0.3000,reference,-1,0.66255451,NaN,NaN,0.71516445
0.006500,0.3000,parametric,3,0.66255383,1.0129e-06,0.0000,0.96577775
0.006500,0.3000,parametric,5,0.66255383,1.0129e-06,0.0000,0.96577775
0.006500,0.3000,parametric,7,0.66255383,1.0129e-06,0.0000,0.96577775
0.006500,0.3000,parametric,9,0.66255383,1.0129e-06,0.0000,0.96577775
0.006500,0.3000,parametric,11,0.66255383,1.0129e-06,0.0000,0.96577775
0.007000,0.4000,reference,-1,0.67893534,NaN,NaN,0.69790953
0.007000,0.4000,parametric,3,0.67893457,1.1266e-06,0.0000,0.95358685
0.007000,0.4000,parametric,5,0.67893457,1.1266e-06,0.0000,0.95358685
0.007000,0.4000,parametric,7,0.67893457,1.1266e-06,0.0000,0.95358685
0.007000,0.4000,parametric,9,0.67893457,1.1266e-06,0.0000,0.95358685
0.007000,0.4000,parametric,11,0.67893457,1.1266e-06,0.0000,0.95358685
0.007500,0.5000,reference,-1,0.69609610,NaN,NaN,0.68070409
0.007500,0.5000,parametric,3,0.69609515,1.3587e-06,0.0000,0.94114168
0.007500,0.5000,parametric,5,0.69609515,1.3587e-06,0.0000,0.94114168
0.007500,0.5000,parametric,7,0.69609515,1.3587e-06,0.0000,0.94114168
0.007500,0.5000,parametric,9,0.69609515,1.3587e-06,0.0000,0.94114168
0.007500,0.5000,parametric,11,0.69609515,1.3587e-06,0.0000,0.94114168
0.008000,0.6000,reference,-1,0.71397965,NaN,NaN,0.66365403
0.008000,0.6000,parametric,3,0.71397820,2.0176e-06,0.0000,0.92851424
0.008000,0.6000,parametric,5,0.71397820,2.0176e-06,0.0000,0.92851424
0.008000,0.6000,parametric,7,0.71397820,2.0176e-06,0.0000,0.92851424
0.008000,0.6000,parametric,9,0.71397820,2.0176e-06,0.0000,0.92851424
0.008000,0.6000,parametric,11,0.71397820,2.0176e-06,0.0000,0.92851424
0.008500,0.7000,reference,-1,0.73253211,NaN,NaN,0.64684603
0.008500,0.7000,parametric,3,0.73252930,3.8410e-06,0.0000,0.91576977
0.008500,0.7000,parametric,5,0.73252930,3.8410e-06,0.0000,0.91576977
0.008500,0.7000,parametric,7,0.73252930,3.8410e-06,0.0000,0.91576977
0.008500,0.7000,parametric,9,0.73252930,3.8410e-06,0.0000,0.91576977
0.008500,0.7000,parametric,11,0.73252930,3.8410e-06,0.0000,0.91576977
0.009000,0.8000,reference,-1,0.75170298,NaN,NaN,0.63034938
0.009000,0.8000,parametric,3,0.75169672,8.3304e-06,0.0000,0.90296751
0.009000,0.8000,parametric,5,0.75169672,8.3304e-06,0.0000,0.90296751
0.009000,0.8000,parametric,7,0.75169672,8.3304e-06,0.0000,0.90296751
0.009000,0.8000,parametric,9,0.75169672,8.3304e-06,0.0000,0.90296751
0.009000,0.8000,parametric,11,0.75169672,8.3304e-06,0.0000,0.90296751
0.009500,0.9000,reference,-1,0.77144514,NaN,NaN,0.61421804
0.009500,0.9000,parametric,3,0.77143107,1.8230e-05,0.0000,0.89016193
0.009500,0.9000,parametric,5,0.77143107,1.8230e-05,0.0000,0.89016193
0.009500,0.9000,parametric,7,0.77143107,1.8230e-05,0.0000,0.89016193
0.009500,0.9000,parametric,9,0.77143107,1.8230e-05,0.0000,0.89016193
0.009500,0.9000,parametric,11,0.77143107,1.8230e-05,0.0000,0.89016193
0.010000,1.0000,reference,-1,0.79171479,NaN,NaN,0.59849273
0.010000,1.0000,parametric,3,0.79168461,3.8121e-05,0.0000,0.87740429
0.010000,1.0000,parametric,5,0.79168461,3.8121e-05,0.0000,0.87740429
0.010000,1.0000,parametric,7,0.79168461,3.8121e-05,0.0000,0.87740429
0.010000,1.0000,parametric,9,0.79168461,3.8121e-05,0.0000,0.87740429
0.010000,1.0000,parametric,11,0.79168461,3.8121e-05,0.0000,0.87740429
0.000000,-1.0000,parametric_dense,3,0.54886734,NaN,NaN,NaN
0.000000,-1.0000,parametric_dense,5,0.54886734,NaN,NaN,NaN
0.000000,-1.0000,parametric_dense,7,0.54886734,NaN,NaN,NaN
0.000000,-1.0000,parametric_dense,9,0.54886734,NaN,NaN,NaN
0.000000,-1.0000,parametric_dense,11,0.54886734,NaN,NaN,NaN
0.000526,-0.8947,parametric_dense,3,0.54972080,NaN,NaN,NaN
0.000526,-0.8947,parametric_dense,5,0.54972080,NaN,NaN,NaN
0.000526,-0.8947,parametric_dense,7,0.54972080,NaN,NaN,NaN
0.000526,-0.8947,parametric_dense,9,0.54972080,NaN,NaN,NaN
0.000526,-0.8947,parametric_dense,11,0.54972080,NaN,NaN,NaN
0.001053,-0.7895,parametric_dense,3,0.55219358,NaN,NaN,NaN
0.001053,-0.7895,parametric_dense,5,0.55219358,NaN,NaN,NaN
0.001053,-0.7895,parametric_dense,7,0.55219358,NaN,NaN,NaN
0.001053,-0.7895,parametric_dense,9,0.55219358,NaN,NaN,NaN
0.001053,-0.7895,parametric_dense,11,0.55219358,NaN,NaN,NaN
0.001579,-0.6842,parametric_dense,3,0.55627304,NaN,NaN,NaN
0.001579,-0.6842,parametric_dense,5,0.55627304,NaN,NaN,NaN
0.001579,-0.6842,parametric_dense,7,0.55627304,NaN,NaN,NaN
0.001579,-0.6842,parametric_dense,9,0.55627304,NaN,NaN,NaN
0.001579,-0.6842,parametric_dense,11,0.55627304,NaN,NaN,NaN
0.002105,-0.5789,parametric_dense,3,0.56192859,NaN,NaN,NaN
0.002105,-0.5789,parametric_dense,5,0.56192859,NaN,NaN,NaN
0.002105,-0.5789,parametric_dense,7,0.56192859,NaN,NaN,NaN
0.002105,-0.5789,parametric_dense,9,0.56192859,NaN,NaN,NaN
0.002105,-0.5789,parametric_dense,11,0.56192859,NaN,NaN,NaN
0.002632,-0.4737,parametric_dense,3,0.56911510,NaN,NaN,NaN
0.002632,-0.4737,parametric_dense,5,0.56911510,NaN,NaN,NaN
0.002632,-0.4737,parametric_dense,7,0.56911510,NaN,NaN,NaN
0.002632,-0.4737,parametric_dense,9,0.56911510,NaN,NaN,NaN
0.002632,-0.4737,parametric_dense,11,0.56911510,NaN,NaN,NaN
0.003158,-0.3684,parametric_dense,3,0.57777588,NaN,NaN,NaN
0.003158,-0.3684,parametric_dense,5,0.57777588,NaN,NaN,NaN
0.003158,-0.3684,parametric_dense,7,0.57777588,NaN,NaN,NaN
0.003158,-0.3684,parametric_dense,9,0.57777588,NaN,NaN,NaN
0.003158,-0.3684,parametric_dense,11,0.57777588,NaN,NaN,NaN
0.003684,-0.2632,parametric_dense,3,0.58784558,NaN,NaN,NaN
0.003684,-0.2632,parametric_dense,5,0.58784558,NaN,NaN,NaN
0.003684,-0.2632,parametric_dense,7,0.58784558,NaN,NaN,NaN
0.003684,-0.2632,parametric_dense,9,0.58784558,NaN,NaN,NaN
0.003684,-0.2632,parametric_dense,11,0.58784558,NaN,NaN,NaN
0.004211,-0.1579,parametric_dense,3,0.59925268,NaN,NaN,NaN
0.004211,-0.1579,parametric_dense,5,0.59925268,NaN,NaN,NaN
0.004211,-0.1579,parametric_dense,7,0.59925268,NaN,NaN,NaN
0.004211,-0.1579,parametric_dense,9,0.59925268,NaN,NaN,NaN
0.004211,-0.1579,parametric_dense,11,0.59925268,NaN,NaN,NaN
0.004737,-0.0526,parametric_dense,3,0.61192175,NaN,NaN,NaN
0.004737,-0.0526,parametric_dense,5,0.61192175,NaN,NaN,NaN
0.004737,-0.0526,parametric_dense,7,0.61192175,NaN,NaN,NaN
0.004737,-0.0526,parametric_dense,9,0.61192175,NaN,NaN,NaN
0.004737,-0.0526,parametric_dense,11,0.61192175,NaN,NaN,NaN
0.005263,0.0526,parametric_dense,3,0.62577545,NaN,NaN,NaN
0.005263,0.0526,parametric_dense,5,0.62577545,NaN,NaN,NaN
0.005263,0.0526,parametric_dense,7,0.62577545,NaN,NaN,NaN
0.005263,0.0526,parametric_dense,9,0.62577545,NaN,NaN,NaN
0.005263,0.0526,parametric_dense,11,0.62577545,NaN,NaN,NaN
0.005789,0.1579,parametric_dense,3,0.64073613,NaN,NaN,NaN
0.005789,0.1579,parametric_dense,5,0.64073613,NaN,NaN,NaN
0.005789,0.1579,parametric_dense,7,0.64073613,NaN,NaN,NaN
0.005789,0.1579,parametric_dense,9,0.64073613,NaN,NaN,NaN
0.005789,0.1579,parametric_dense,11,0.64073613,NaN,NaN,NaN
0.006316,0.2632,parametric_dense,3,0.65672731,NaN,NaN,NaN
0.006316,0.2632,parametric_dense,5,0.65672731,NaN,NaN,NaN
0.006316,0.2632,parametric_dense,7,0.65672731,NaN,NaN,NaN
0.006316,0.2632,parametric_dense,9,0.65672731,NaN,NaN,NaN
0.006316,0.2632,parametric_dense,11,0.65672731,NaN,NaN,NaN
0.006842,0.3684,parametric_dense,3,0.67367466,NaN,NaN,NaN
0.006842,0.3684,parametric_dense,5,0.67367466,NaN,NaN,NaN
0.006842,0.3684,parametric_dense,7,0.67367466,NaN,NaN,NaN
0.006842,0.3684,parametric_dense,9,0.67367466,NaN,NaN,NaN
0.006842,0.3684,parametric_dense,11,0.67367466,NaN,NaN,NaN
0.007368,0.4737,parametric_dense,3,0.69150687,NaN,NaN,NaN
0.007368,0.4737,parametric_dense,5,0.69150687,NaN,NaN,NaN
0.007368,0.4737,parametric_dense,7,0.69150687,NaN,NaN,NaN
0.007368,0.4737,parametric_dense,9,0.69150687,NaN,NaN,NaN
0.007368,0.4737,parametric_dense,11,0.69150687,NaN,NaN,NaN
0.007895,0.5789,parametric_dense,3,0.71015605,NaN,NaN,NaN
0.007895,0.5789,parametric_dense,5,0.71015605,NaN,NaN,NaN
0.007895,0.5789,parametric_dense,7,0.71015605,NaN,NaN,NaN
0.007895,0.5789,parametric_dense,9,0.71015605,NaN,NaN,NaN
0.007895,0.5789,parametric_dense,11,0.71015605,NaN,NaN,NaN
0.008421,0.6842,parametric_dense,3,0.72955790,NaN,NaN,NaN
0.008421,0.6842,parametric_dense,5,0.72955790,NaN,NaN,NaN
0.008421,0.6842,parametric_dense,7,0.72955790,NaN,NaN,NaN
0.008421,0.6842,parametric_dense,9,0.72955790,NaN,NaN,NaN
0.008421,0.6842,parametric_dense,11,0.72955790,NaN,NaN,NaN
0.008947,0.7895,parametric_dense,3,0.74965156,NaN,NaN,NaN
0.008947,0.7895,parametric_dense,5,0.74965156,NaN,NaN,NaN
0.008947,0.7895,parametric_dense,7,0.74965156,NaN,NaN,NaN
0.008947,0.7895,parametric_dense,9,0.74965156,NaN,NaN,NaN
0.008947,0.7895,parametric_dense,11,0.74965156,NaN,NaN,NaN
0.009474,0.8947,parametric_dense,3,0.77037907,NaN,NaN,NaN
0.009474,0.8947,parametric_dense,5,0.77037907,NaN,NaN,NaN
0.009474,0.8947,parametric_dense,7,0.77037907,NaN,NaN,NaN
0.009474,0.8947,parametric_dense,9,0.77037907,NaN,NaN,NaN
0.009474,0.8947,parametric_dense,11,0.77037907,NaN,NaN,NaN
0.010000,1.0000,parametric_dense,3,0.79168461,NaN,NaN,NaN
0.010000,1.0000,parametric_dense,5,0.79168461,NaN,NaN,NaN
0.010000,1.0000,parametric_dense,7,0.79168461,NaN,NaN,NaN
0.010000,1.0000,parametric_dense,9,0.79168461,NaN,NaN,NaN
0.010000,1.0000,parametric_dense,11,0.79168461,NaN,NaN,NaN
