t,x,y
0,0.000999664050212351,4.94503388324056e-11
0.000679571407660716,0.000999170767980114,3.14002606422652e-05
0.00135914281532143,0.000997691424958037,6.27694820085633e-05
0.00203871422298215,0.000995227481090396,9.40767570315063e-05
0.00271828563064286,0.0009917813678881,0.000125291190321168
0.00339785703830358,0.000987356486301931,0.000156381975930468
0.00407742844596429,0.000981957203414605,0.000187318429965068
0.00475699985362501,0.000975588847534788,0.000218070022991379
0.00543657126128573,0.000968257703215156,0.000248606407990891
0.00611614266894644,0.000959971005593606,0.000278897448185376
0.00679571407660716,0.000950736933024316,0.000308913248975045
0.00747528548426787,0.000940564598148664,0.000338624189476114
0.00815485689192859,0.000929464039448982,0.000368000949630291
0.0088344282995893,0.00091744621214698,0.000397014537101335
0.00951399970725002,0.000904522976890028,0.00042563631803779
0.0101935711149107,0.000890707086939787,0.000453838047242747
0.0108731425225714,0.000876012176394872,0.000481591894010979
0.0115527139302322,0.000860452747790028,0.000508870467672671
0.0122322853378929,0.000844044157016046,0.000535646846695597
0.0129118567455536,0.000826802596828173,0.000561894607011304
0.0135914281532143,0.000808745081923401,0.000587587846172413
0.014270999560875,0.000789889433435972,0.000612701207140708
0.0149505709685357,0.000770254260328752,0.000637209905269798
0.0156301423761965,0.000749858939481495,0.000661089754341003
0.0163097137838572,0.000728723597858103,0.000684317188659871
0.0169892851915179,0.000706869094142967,0.000706869284713463
0.0176688565991786,0.000684316996897276,0.000728723785607986
0.0183484280068393,0.000661089561541142,0.000749859124403789
0.0190279994145,0.000637209709892064,0.000770254443802618
0.0197075708221608,0.000612701009231716,0.000789889615332564
0.0203871422298215,0.000587587647571661,0.000808745260855277
0.0210667136374822,0.000561894407892346,0.000826802772832069
0.0217462850451429,0.00053564664537546,0.000844044331291434
0.0224258564528036,0.000508870264231281,0.000860452920239113
0.0231054278604643,0.000481591690463878,0.000876012345895705
0.023784999268125,0.000453837843773227,0.000890707253574276
0.0244645706757858,0.000425636112840517,0.000904523141660567
0.0251441420834465,0.000397014330281504,0.000917446374989376
0.0258237134911072,0.000368000743340689,0.000929464199524954
0.0265032848987679,0.000338623983899681,0.000940564755583961
0.0271828563064286,0.000308913042205208,0.000950737088607881
0.0278624277140894,0.000278897240343457,0.000959971159294767
0.0285419991217501,0.000248606201325413,0.000968257854490921
0.0292215705294108,0.000218069817674431,0.000975588996550645
0.0299011419370715,0.000187318224011269,0.000981957350730992
0.0305807133447322,0.000156381769467746,0.000987356631919088
0.0312602847523929,0.000125290985650758,0.000991781511563316
0.0319398561600536,9.40765543044572e-05,0.000995227623022274
0.0326194275677144,6.27692791846408e-05,0.000997691565465219
0.0332989989753751,3.14000578467794e-05,0.000999170907088887
0.0339785703830358,-1.51006074613022e-10,0.000999664187978867
0.0346581417906965,-3.14003602765273e-05,0.000999170921363395
0.0353377131983572,-6.27695828655369e-05,0.000997691593957995
0.0360172846060179,-9.4076860065114e-05,0.000995227665621045
0.0366968560136786,-0.000125291294311578,0.00099178156810022
0.0373764274213394,-0.000156382081837686,0.000987356702171349
0.0380559988290001,-0.000187318540884652,0.000981957434421798
0.0387355702366608,-0.000218070139827805,0.000975589093350224
0.0394151416443215,-0.000248606529514481,0.000968257964017841
0.0400947130519822,-0.000278897575300106,0.000959971281117457
0.0407742844596429,-0.000308913384634618,0.000950737222246327
0.0414538558673037,-0.000338624334477537,0.000940564900511588
0.0421334272749644,-0.000368001102710506,0.000929464355170702
0.0428129986826251,-0.000397014699052104,0.000917446540739961
0.0434925700902858,-0.000425636491583619,0.000904523316862901
0.0441721414979465,-0.000453838233021182,0.000890707437538028
0.0448517129056072,-0.000481592090707567,0.000876012537896026
0.0455312843132679,-0.000508870675918186,0.0008604531195195
0.0462108557209287,-0.000535647068907897,0.000844044537066711
0.0468904271285894,-0.000561894843625863,0.000826802984291479
0.0475699985362501,-0.000587588095813632,0.000808745477165677
0.0482495699439108,-0.00061270147024014,0.000789889835641713
0.0489291413515715,-0.000637210183874544,0.000770254667242541
0.0496087127592322,-0.000661090048654049,0.00074985935009419
0.050288284166893,-0.00068431749724513,0.000728724012659724
0.0509678555745537,-0.000706869607778032,0.000706869512232058
0.0516474269822144,-0.000728724124780186,0.000684317415749032
0.0523269983898751,-0.000749859479637922,0.000661089980106158
0.0530065697975358,-0.000770254813614574,0.000637210128821626
0.0536861412051965,-0.000789889999694392,0.000612701427598644
0.0543657126128572,-0.000808745660946392,0.000587588062668119
0.055045284020518,-0.000826803188357275,0.000561894818692094
0.0557248554281787,-0.000844044760743387,0.000535647052727806
0.0564044268358394,-0.000860453363359549,0.000508870667244936
0.0570839982435001,-0.00087601280340373,0.000481592086337436
0.0577635696511608,-0.000890707724939925,0.000453838231566139
0.0584431410588215,-0.000904523625389942,0.000425636493632456
0.0591227124664823,-0.00091744687061367,0.000397014703276062
0.059802283874143,-0.000929464707310049,0.00036800110573104
0.0604818552818037,-0.000940565274794557,0.000338624334888612
0.0611614266894644,-0.000950737617810734,0.000308913383127208
0.0618409980971251,-0.000959971697844049,0.000278897570549553
0.0625205695047859,-0.000968258402223593,0.000248606518085947
0.0632001409124466,-0.000975589552568429,0.000218070120384606
0.0638797123201073,-0.000981957913716794,0.000187318514273892
0.064559283727768,-0.000987357201095138,0.000156382046823947
0.0652388551354287,-0.000991782086376988,0.000125291247521294
0.0659184265430894,-0.000995228202464947,9.40768003143199e-05
0.0665979979507501,-0.000997692148396758,6.2769511205038e-05
0.0672775693584109,-0.000999171492653274,3.1400275638958e-05
0.0679571407660716,-0.000999664775285258,5.01898386904698e-11
0.0686367121737323,-0.000999171509352452,-3.14001757988335e-05
0.069316283581393,-0.000997692181729108,-6.27694129814406e-05
0.0699958549890537,-0.000995228252298741,-9.40767047778445e-05
0.0706754263967144,-0.00099178215251529,-0.000125291155731932
0.0713549978043751,-0.000987357283276569,-0.000156381959826899
0.0720345692120358,-0.000981958011616561,-0.000187318433095443
0.0727141406196966,-0.000975589665799628,-0.000218070046028078
0.0733937120273573,-0.000968258530338737,-0.000248606451527742
0.074073283435018,-0.000959971840336819,-0.000278897512735295
0.0747528548426787,-0.000950737774117977,-0.000308913334968004
0.0754324262503394,-0.000940565444298531,-0.000338624297257471
0.0761119976580001,-0.000929464889340859,-0.000368001079459429
0.0767915690656609,-0.000917447064451903,-0.000397014689150612
0.0774711404733216,-0.000904523830269508,-0.000425636492391857
0.0781507118809823,-0.000890707940051095,-0.000453838243898243
0.078830283288643,-0.000876013027896336,-0.00048159211287654
0.0795098546963037,-0.00086045359634633,-0.000508870708569268
0.0801894261039644,-0.000844045001303495,-0.000535647109357243
0.0808689975116251,-0.000826803435539922,-0.000561894891086127
0.0815485689192859,-0.000808745913774604,-0.000587588151224046
0.0822281403269466,-0.000789890257168861,-0.000612701532649984
0.0829077117346073,-0.000770255074717606,-0.000637210250636803
0.083587283142268,-0.000749859743337463,-0.000661090118887467
0.0842668545499288,-0.000728724390033895,-0.000684317571631839
0.0849464259575895,-0.000706869873537398,-0.000706869685284251
0.0856259973652502,-0.000684317762459609,-0.000728724202881451
0.0863055687729109,-0.000661090312275223,-0.000749859557417876
0.0869851401805716,-0.00063721044486025,-0.000770254891533161
0.0876647115882323,-0.000612701727558591,-0.000789890076697308
0.088344282995893,-0.000587588348447498,-0.000808745734718153
0.0890238544035538,-0.000561895090576277,-0.00082680325800769
0.0897034258112145,-0.000535647309198403,-0.000844044826549775
0.0903829972188752,-0.000508870908598601,-0.000860453424310347
0.0910625686265359,-0.000481592314857732,-0.000876012857475222
0.0917421400341966,-0.000453838447754588,-0.00089070777132784
0.0924217114418573,-0.000425636696050906,-0.000904523664229579
0.093101282849518,-0.000397014892444424,-0.000917446900996227
0.0937808542571788,-0.000368001284262722,-0.000929464727578468
0.0944604256648395,-0.000338624503471225,-0.000940565284284886
0.0951399970725002,-0.000308913540400908,-0.000950737616554409
0.0958195684801609,-0.000278897717222334,-0.000959971685088069
0.0964991398878216,-0.000248606657030624,-0.000968258376740665
0.0971787112954823,-0.000218070252432687,-0.000975589513880485
0.097858282703143,-0.000187318638131934,-0.000981957861783993
0.0985378541108037,-0.000156382163341646,-0.000987357135363091
0.0992174255184645,-0.000125291359748635,-0.000991782006096195
0.0998969969261252,-9.40769091750858e-05,-0.000995228107377069
0.100576568333786,-6.27696154526684e-05,-0.000997692038415131
0.101256139741447,-3.14003762102799e-05,-0.000999171367452132
0.101935711149107,-1.50221642836412e-10,-0.000999664634623341
0.102615282556768,3.14000753482314e-05,-0.000999171353211132
0.103294853964429,6.27693133359837e-05,-0.000997692009989414
0.103974425372089,9.40766049728424e-05,-0.000995228064878993
0.10465399677975,0.000125291052638143,-0.000991781949693752
0.105333568187411,0.000156381852511693,-0.000987357065279223
0.106013139595072,0.000187318322785983,-0.000981957778295717
0.106692711002732,0.000218069931792024,-0.000975589417317807
0.107372282410393,0.000248606330337436,-0.000968258267485283
0.108051853818054,0.000278897383742689,-0.000959971563571843
0.108731425225715,0.000308913199427653,-0.000950737483257661
0.109410996633375,0.00033862415432678,-0.000940565139734511
0.110090568041036,0.000368000926301758,-0.000929464572345856
0.110770139448697,0.0003970145250564,-0.00091744673569499
0.111449710856357,0.000425636318662473,-0.000904523489513127
0.112129282264018,0.000453838059831862,-0.000890707587886812
0.112808853671679,0.000481591915908405,-0.000876012666034757
0.11348842507934,0.000508870498173863,-0.000860453225627207
0.114167996487,0.000535646886894718,-0.000844044621409358
0.114847567894661,0.00056189465603698,-0.000826803047220937
0.115527139302322,0.000587587901364207,-0.000808745519118336
0.116206710709982,0.000612701267672406,-0.000789889857136741
0.116886282117643,0.000637209971962769,-0.000770254668879828
0.117565853525304,0.00066108982620938,-0.000749859332552009
0.118245424932965,0.000684317263120292,-0.00072872397669205
0.118924996340625,0.00070686936087184,-0.000706869458665573
0.119604567748286,0.000728723864041888,-0.000684317345479862
0.120284139155947,0.000749859204071363,-0.000661089894096358
0.120963710563607,0.000770254522282128,-0.000637210028095378
0.121643281971268,0.000789889691720646,-0.000612701313238203
0.122322853378929,0.000808745335521598,-0.000587587935809539
0.12300242478659,0.000826802844740565,-0.000561894680520763
0.12368199619425,0.000844044398265701,-0.000535646904473763
0.124361567601911,0.000860452981426251,-0.000508870510178004
0.125041139009572,0.000876012401496955,-0.000481591921762216
0.125720710417232,0.000890707302620645,-0.00045383806081687
0.126400281824893,0.0009045231822997,-0.000425636318067742
0.127079853232554,0.000917446406475972,-0.000397014524273512
0.127759424640215,0.000929464221931452,-0.000368000924681826
0.128438996047875,0.00094056476806546,-0.000338624153191987
0.129118567455536,0.000950737089705806,-0.000308913202184978
0.129798138863197,0.00095997114842231,-0.000278897391760549
0.130477710270857,0.000968257831628177,-0.000248606342840502
0.131157281678518,0.000975588961026045,-0.000218069950059068
0.131836853086179,0.000981957301536832,-0.000187318350225189
0.13251642449384,0.000987356568668423,-0.000156381890384237
0.1331959959015,0.000991781434174237,-0.000125291099992712
0.133875567309161,0.000995227531034939,-9.40766629638283e-05
0.134555138716822,0.000997691458364159,-6.27693852594235e-05
0.135234710124482,0.000999170784716159,-3.14001622800036e-05
0.135914281532143,0.000999664050212351,4.94503388324056e-11
